title_link,summary,mentioned_character_ids
https://en.wikipedia.org/wiki/South_Park:_Joining_the_Panderverse,"<p>""<b>South Park: Joining the Panderverse</b>"" is a 2023 American <a href=""/wiki/Adult_animation"" title=""Adult animation"">adult animated</a> <a href=""/wiki/Television_comedy"" title=""Television comedy"">comedy</a> <a href=""/wiki/Television_special"" title=""Television special"">television special</a> episode. It is the fifth <i><a href=""/wiki/South_Park"" title=""South Park"">South Park</a></i> television special, and the 326th episode of the series overall. The special premiered on October 27, 2023 on <a href=""/wiki/Paramount%2B"" title=""Paramount+"">Paramount+</a>.<sup id=""cite_ref-Deadline10.11.23_1-0"" class=""reference""><a href=""#cite_note-Deadline10.11.23-1"">[1]</a></sup><sup id=""cite_ref-Variety_2-0"" class=""reference""><a href=""#cite_note-Variety-2"">[2]</a></sup><sup id=""cite_ref-reporter_3-0"" class=""reference""><a href=""#cite_note-reporter-3"">[3]</a></sup><sup id=""cite_ref-CC_4-0"" class=""reference""><a href=""#cite_note-CC-4"">[4]</a></sup> 
</p>","['Stan', 'Kyle', 'Eric', 'Kenny', 'Butters', 'Randy', 'Gerald', 'Liane', 'Mr. Mackey', 'Jimmy', 'Tolkien', 'Wendy', 'Clyde', 'Craig', 'Timmy', 'Mayor', 'Chef', 'Mr. Hankey', 'Sheila']"
https://en.wikipedia.org/wiki/Spontaneous_Combustion_(South_Park),"<p>""<b>Spontaneous Combustion</b>"" is the second episode of the <a href=""/wiki/South_Park_season_3"" title=""South Park season 3"">third season</a> of the American animated television series <i><a href=""/wiki/South_Park"" title=""South Park"">South Park</a></i>, and is the 33rd episode overall. It originally aired in the United States on April 14, 1999.
</p>","['Stan', 'Kyle', 'Eric', 'Kenny', 'Randy', 'Gerald', 'Liane', 'Herbert', 'Craig', 'Tweek', 'Sharon', 'Officer Barbrady', 'Jesus', 'Mayor', 'Chef', 'Mr. Hankey', 'Pete', 'Sheila']"
https://en.wikipedia.org/wiki/The_Losing_Edge,"<p>""<b>The Losing Edge</b>"" is the fifth episode in the <a href=""/wiki/South_Park_season_9"" title=""South Park season 9"">ninth season</a> of the American <a href=""/wiki/Cartoon_series"" class=""mw-redirect"" title=""Cartoon series"">animated television series</a> <i><a href=""/wiki/South_Park"" title=""South Park"">South Park</a></i>, and the 130th episode of the series overall. It originally aired on <a href=""/wiki/Comedy_Central"" title=""Comedy Central"">Comedy Central</a> in the United States on April 6, 2005.
</p>","['Stan', 'Kyle', 'Eric', 'Kenny', 'Butters', 'Randy', 'Sharon']"
https://en.wikipedia.org/wiki/The_Ungroundable,"<p>""<b>The Ungroundable</b>"" is the 14th and final episode of the <a href=""/wiki/South_Park_season_12"" title=""South Park season 12"">12th season</a> of the American <a href=""/wiki/Animated_cartoon"" class=""mw-redirect"" title=""Animated cartoon"">animated series</a> <i><a href=""/wiki/South_Park"" title=""South Park"">South Park</a></i>,<sup id=""cite_ref-1"" class=""reference""><a href=""#cite_note-1"">[1]</a></sup> and the 181st episode of the series overall. It originally aired on <a href=""/wiki/Comedy_Central"" title=""Comedy Central"">Comedy Central</a> in the <a href=""/wiki/United_States"" title=""United States"">United States</a> on November 19, 2008. This is the last episode of <i>South Park</i> to be broadcast in <a href=""/wiki/480i"" title=""480i"">480i</a> <a href=""/wiki/Standard_definition"" class=""mw-redirect"" title=""Standard definition"">standard definition</a>. The episode was rated <a href=""/wiki/TV-MA_L"" class=""mw-redirect"" title=""TV-MA L"">TV-MA L</a> in the United States. The episode spoofs vampire films including the <i><a href=""/wiki/Twilight_(novel_series)"" title=""Twilight (novel series)"">Twilight</a></i> craze and <i><a href=""/wiki/The_Lost_Boys"" title=""The Lost Boys"">The Lost Boys</a></i>, where <a href=""/wiki/Butters_Stotch"" title=""Butters Stotch"">Butters</a> believes that he sees vampires in the school.
</p>","['Stan', 'Eric', 'Butters', 'Stephen', 'Scott']"
https://en.wikipedia.org/wiki/Member_Berries,"<p>""<b>Member Berries</b>"" is the first episode in the <a href=""/wiki/South_Park_season_20"" title=""South Park season 20"">twentieth season</a> of the American animated television series <i><a href=""/wiki/South_Park"" title=""South Park"">South Park</a></i>. The 268th episode of the series overall, it premiered on <a href=""/wiki/Comedy_Central"" title=""Comedy Central"">Comedy Central</a> in the United States on September 14, 2016.
</p>","['Stan', 'Kyle', 'Eric', 'Randy', 'Gerald', 'PC Principal', 'Sharon', 'Carol', 'Stephen', 'Linda', 'Sheila']"
https://en.wikipedia.org/wiki/Douche_and_a_Danish,"<p>""<b>Douche and a Danish</b>"" is the fifth episode in the <a href=""/wiki/South_Park_season_20"" title=""South Park season 20"">twentieth season</a> of the American animated television series <i><a href=""/wiki/South_Park"" title=""South Park"">South Park</a></i>. The 272nd episode of the series overall, it first aired on <a href=""/wiki/Comedy_Central"" title=""Comedy Central"">Comedy Central</a> in the United States on October 19, 2016.
</p>","['Eric', 'Randy', 'Gerald', 'Heidi', 'Sharon', 'Sheila']"
https://en.wikipedia.org/wiki/Sexual_Harassment_Panda,"<p>""<b>Sexual Harassment Panda</b>"" is the sixth episode of the <a href=""/wiki/South_Park_season_3"" title=""South Park season 3"">third season</a> of the American animated television series <i><a href=""/wiki/South_Park"" title=""South Park"">South Park</a></i>, and the 37th episode overall of the series. It originally aired on <a href=""/wiki/Comedy_Central"" title=""Comedy Central"">Comedy Central</a> in the United States on July 7, 1999. In the episode, a school presentation on <a href=""/wiki/Sexual_harassment"" title=""Sexual harassment"">sexual harassment</a> prevention leads to <a href=""/wiki/Eric_Cartman"" title=""Eric Cartman"">Cartman</a> suing <a href=""/wiki/Stan_Marsh"" title=""Stan Marsh"">Stan</a> for sexual harassment, which in turn promotes a series of sexual harassment lawsuits across South Park.
</p>","['Stan', 'Kyle', 'Eric', 'Kenny', 'Gerald', 'Craig', 'Tweek', 'Ike', 'Jesus', 'Santa', 'Mr. Hankey', 'Pete']"
https://en.wikipedia.org/wiki/Wing_(South_Park),"<p>""<b>Wing</b>"" is the third episode in the <a href=""/wiki/South_Park_season_9"" title=""South Park season 9"">ninth season</a> of the American <a href=""/wiki/Animated_series"" title=""Animated series"">animated television series</a> <i><a href=""/wiki/South_Park"" title=""South Park"">South Park</a></i>. It was written by series co-creator <a href=""/wiki/Trey_Parker"" title=""Trey Parker"">Trey Parker</a> and first aired on <a href=""/wiki/Comedy_Central"" title=""Comedy Central"">Comedy Central</a> in the United States on March 23, 2005. The episode was the 128th overall and was named after <a href=""/wiki/New_Zealand"" title=""New Zealand"">New Zealand</a> singer <a href=""/wiki/Wing_(singer)"" title=""Wing (singer)"">Wing</a>, who stars in the episode in an eponymous part loosely based on herself. The message of the episode equates <a href=""/wiki/Talent_agent"" title=""Talent agent"">talent agents</a> to Chinese slave traders.<sup id=""cite_ref-Commentary_1-0"" class=""reference""><a href=""#cite_note-Commentary-1"">[1]</a></sup>
</p>","['Stan', 'Kyle', 'Eric', 'Kenny', 'Tolkien', 'Lu Kim']"
https://en.wikipedia.org/wiki/Super_Hard_PCness,"<p>""<b>Super Hard PCness</b>"" is the ninth episode of the <a href=""/wiki/South_Park_season_21"" title=""South Park season 21"">twenty-first season</a> of the American animated television series <i><a href=""/wiki/South_Park"" title=""South Park"">South Park</a></i>. The 286th overall episode of the series, it aired on <a href=""/wiki/Comedy_Central"" title=""Comedy Central"">Comedy Central</a> in the United States on November 29, 2017. This episode parodies <a href=""/wiki/Sexual_harassment_in_the_workplace_in_the_United_States"" title=""Sexual harassment in the workplace in the United States"">sexual harassment in the workplace in the United States</a>, the rise in <a href=""/wiki/Netflix#Original_programming"" title=""Netflix"">Netflix original shows</a>, <a href=""/wiki/Cancel_culture"" title=""Cancel culture"">cancel culture</a>, and the threat of <a href=""/wiki/Nuclear_war"" class=""mw-redirect"" title=""Nuclear war"">nuclear war</a>.
</p>","['Kyle', 'Eric', 'Gerald', 'Mr. Mackey', 'Terrance and Phillip', 'Heidi', 'PC Principal', 'Strong Woman', 'Sheila']"
https://en.wikipedia.org/wiki/Where_My_Country_Gone%3F,"<p>""<b>Where My Country Gone?</b>"" is the second episode of the <a href=""/wiki/South_Park_season_19"" title=""South Park season 19"">nineteenth season</a> of the animated television series <i><a href=""/wiki/South_Park"" title=""South Park"">South Park</a></i>, and the 259th episode overall, written and directed by series co-creator <a href=""/wiki/Trey_Parker"" title=""Trey Parker"">Trey Parker</a>. The episode premiered on <a href=""/wiki/Comedy_Central"" title=""Comedy Central"">Comedy Central</a> on September 23, 2015. It parodies <a href=""/wiki/Illegal_immigration_to_the_United_States"" title=""Illegal immigration to the United States"">illegal immigration to the United States</a> and the <a href=""/wiki/Donald_Trump_2016_presidential_campaign"" title=""Donald Trump 2016 presidential campaign"">2016 presidential candidacy</a> of <a href=""/wiki/Donald_Trump"" title=""Donald Trump"">Donald Trump</a>, along with <a href=""/wiki/Caitlyn_Jenner"" title=""Caitlyn Jenner"">Caitlyn Jenner</a> and <a href=""/wiki/Political_correctness"" title=""Political correctness"">political correctness</a>.
</p>","['Kyle', 'Eric', 'Butters', 'Craig', 'Tweek', 'PC Principal']"
https://en.wikipedia.org/wiki/Succubus_(South_Park),"<p>""<b>Succubus</b>"" is the third episode of the <a href=""/wiki/South_Park_season_3"" title=""South Park season 3"">third season</a> of the American animated television series <i><a href=""/wiki/South_Park"" title=""South Park"">South Park</a></i>, and the 34th episode of the series overall. It originally aired on <a href=""/wiki/Comedy_Central"" title=""Comedy Central"">Comedy Central</a> in the United States on April 21, 1999.
</p>","['Stan', 'Kyle', 'Eric', 'Kenny', 'Craig', 'Tweek', 'Jesus', 'Chef', 'Mr. Hankey', 'Michael']"
https://en.wikipedia.org/wiki/Buddha_Box,"<p>""<b>Buddha Box</b>"" is the eighth episode of the <a href=""/wiki/South_Park_season_22"" title=""South Park season 22"">twenty-second season</a> of the American animated television series <i><a href=""/wiki/South_Park"" title=""South Park"">South Park</a></i>. It is the 295th overall episode of the series, and premiered on <a href=""/wiki/Comedy_Central"" title=""Comedy Central"">Comedy Central</a> in the United States on November 28, 2018. The episode centers upon the titular Buddha Box, a cardboard box that the people of South Park, in particular <a href=""/wiki/Eric_Cartman"" title=""Eric Cartman"">Eric Cartman</a>, <a href=""/wiki/PC_Principal"" class=""mw-redirect"" title=""PC Principal"">PC Principal</a> and <a href=""/wiki/List_of_South_Park_Elementary_staff#Strong_Woman"" class=""mw-redirect"" title=""List of South Park Elementary staff"">Strong Woman</a>, begin wearing over their heads to combat stress and anxiety.<sup id=""cite_ref-IGN_1-0"" class=""reference""><a href=""#cite_note-IGN-1"">[1]</a></sup>
</p>","['Kyle', 'Eric', 'PC Principal', 'Strong Woman', 'Mayor']"
https://en.wikipedia.org/wiki/The_Biggest_Douche_in_the_Universe,"<p>""<b>The Biggest Douche in the Universe</b>"" is the 15th episode of the sixth season of the American <a href=""/wiki/Animated_series"" title=""Animated series"">animated series</a> <i><a href=""/wiki/South_Park"" title=""South Park"">South Park</a></i>, and the 94th episode of the series overall. It was first broadcast on <a href=""/wiki/Comedy_Central"" title=""Comedy Central"">Comedy Central</a> on November 27, 2002, and was the last in a mini-<a href=""/wiki/Story_arc"" title=""Story arc"">arc</a> depicting <a href=""/wiki/Eric_Cartman"" title=""Eric Cartman"">Cartman</a> being occasionally possessed by <a href=""/wiki/Kenny_McCormick"" title=""Kenny McCormick"">Kenny</a>. The episode is centered on <a href=""/wiki/Liane_Cartman"" title=""Liane Cartman"">Liane Cartman</a> and <a href=""/wiki/Chef_(South_Park)"" title=""Chef (South Park)"">Chef</a> attempting to exorcise Kenny's soul while Stan tries to debunk self-proclaimed psychic <a href=""/wiki/John_Edward"" title=""John Edward"">John Edward</a>, whom the entire crew of South Park Studios agreed to be ""the biggest douche in the universe.""<sup id=""cite_ref-DVD_1-0"" class=""reference""><a href=""#cite_note-DVD-1"">[1]</a></sup>
</p>","['Stan', 'Kyle', 'Eric', 'Kenny', 'Liane', 'Terrance and Phillip', 'Bebe', 'Chef']"
https://en.wikipedia.org/wiki/Roger_Ebert_Should_Lay_Off_the_Fatty_Foods,"<p>""<b>Roger Ebert Should Lay Off the Fatty Foods</b>"" is the eleventh episode of the <a href=""/wiki/South_Park_season_2"" title=""South Park season 2"">second season</a> of the American animated television series <i><a href=""/wiki/South_Park"" title=""South Park"">South Park</a></i>. The 24th episode of the series overall, it originally aired on <a href=""/wiki/Comedy_Central"" title=""Comedy Central"">Comedy Central</a> in the United States on September 2, 1998. The episode was written by series co-creator <a href=""/wiki/Trey_Parker"" title=""Trey Parker"">Trey Parker</a>, along with David Goodman, and directed by Parker. It spoofs the <i><a href=""/wiki/Star_Trek:_The_Original_Series"" title=""Star Trek: The Original Series"">Star Trek</a></i> episode ""<a href=""/wiki/Dagger_of_the_Mind"" title=""Dagger of the Mind"">Dagger of the Mind</a>"".<sup id=""cite_ref-Deep_1-0"" class=""reference""><a href=""#cite_note-Deep-1"">[1]</a></sup> In the episode, the boys visit a <a href=""/wiki/Planetarium"" title=""Planetarium"">planetarium</a>; they soon discover that the operator has sinister intentions involving <a href=""/wiki/Brainwashing"" title=""Brainwashing"">brainwashing</a>. Meanwhile, Cartman auditions to sing on the Cheesy Poofs advertisement. The episode marks the first speaking role of <a href=""/wiki/Leopold_%22Butters%22_Stotch"" class=""mw-redirect"" title='Leopold ""Butters"" Stotch'>Leopold ""Butters"" Stotch</a>, who would become a major character on the show.
</p>","['Stan', 'Kyle', 'Eric', 'Kenny', 'Butters', 'Mr. Mackey', 'Terrance and Phillip', 'Ike', 'Officer Barbrady', 'Chef']"
https://en.wikipedia.org/wiki/World_War_Zimmerman,"<p>""<b>World War Zimmerman""</b> is the third episode in the <a href=""/wiki/South_Park_season_17"" title=""South Park season 17"">seventeenth season</a> of the American animated television series <i><a href=""/wiki/South_Park"" title=""South Park"">South Park</a></i>. The 240th episode of the series overall, it premiered on <a href=""/wiki/Comedy_Central"" title=""Comedy Central"">Comedy Central</a> in the United States on October 9, 2013. The episode parodies the 2013 film <i><a href=""/wiki/World_War_Z_(film)"" title=""World War Z (film)"">World War Z</a></i> and the <a href=""/wiki/Killing_of_Trayvon_Martin"" title=""Killing of Trayvon Martin"">killing of Trayvon Martin</a> by George Zimmerman.
</p>","['Stan', 'Eric', 'Mr. Mackey', 'Tolkien', 'Jimbo', 'Scott']"
https://en.wikipedia.org/wiki/I_Should_Have_Never_Gone_Ziplining,"<p>""<b>I Should Have Never Gone Ziplining</b>"" is the sixth episode of the <a href=""/wiki/South_Park_season_16"" title=""South Park season 16"">sixteenth season</a> of the American animated sitcom <i><a href=""/wiki/South_Park"" title=""South Park"">South Park</a></i>, and the 229th episode overall. It was aired on <a href=""/wiki/Comedy_Central"" title=""Comedy Central"">Comedy Central</a> in the <a href=""/wiki/United_States"" title=""United States"">United States</a> on April 18, 2012 and is rated <a href=""/wiki/TV-MA_L"" class=""mw-redirect"" title=""TV-MA L"">TV-MA L</a>. The episode, which parodies <a href=""/wiki/Reality_show"" class=""mw-redirect"" title=""Reality show"">reality shows</a> such as <a href=""/wiki/Animal_Planet"" title=""Animal Planet"">Animal Planet</a>'s <i><a href=""/wiki/I_Shouldn%27t_Be_Alive"" title=""I Shouldn't Be Alive"">I Shouldn't Be Alive</a></i>, depicts the four main characters on a trip to Colorado Mountains, where their attempts at <a href=""/wiki/Ziplining"" class=""mw-redirect"" title=""Ziplining"">ziplining</a> are met with unexpected turns. The episode is narrated by Eric Meyers, who also provides the narration for <i>I Shouldn't Be Alive</i>.<sup id=""cite_ref-1"" class=""reference""><a href=""#cite_note-1"">[1]</a></sup>
</p>","['Stan', 'Kyle', 'Eric', 'Kenny', 'Mr. Hankey', 'Michael']"
https://en.wikipedia.org/wiki/Volcano_(South_Park),"<p>""<b>Volcano</b>"" is the third episode of the <a href=""/wiki/South_Park_season_1"" title=""South Park season 1"">first season</a> of the American animated television series <i><a href=""/wiki/South_Park"" title=""South Park"">South Park</a></i>. It first aired on <a href=""/wiki/Comedy_Central"" title=""Comedy Central"">Comedy Central</a> in the United States on August 27, 1997. In the episode, <a href=""/wiki/Stan_Marsh"" title=""Stan Marsh"">Stan</a>, <a href=""/wiki/Kyle_Broflovski"" title=""Kyle Broflovski"">Kyle</a>, <a href=""/wiki/Eric_Cartman"" title=""Eric Cartman"">Cartman</a> and <a href=""/wiki/Kenny_McCormick"" title=""Kenny McCormick"">Kenny</a> go on a hunting trip with Stan's uncle <a href=""/wiki/List_of_South_Park_families#Jimbo_Kern"" class=""mw-redirect"" title=""List of South Park families"">Jimbo</a> and his war buddy <a href=""/wiki/List_of_recurring_South_Park_characters#Ned_Gerblansky"" class=""mw-redirect"" title=""List of recurring South Park characters"">Ned</a>. While on the trip, Stan is frustrated by his unwillingness to shoot a living creature, and Cartman tries to scare the hunting party with tales of a creature named Scuzzlebutt. Meanwhile, the group is unaware that a nearby volcano is about to erupt.
</p>","['Stan', 'Kyle', 'Eric', 'Kenny', 'Randy', 'Sharon', 'Jimbo', 'Big Gay Al', 'Ned', 'Mayor', 'Chef', 'Mr. Hankey', 'Pete']"
https://en.wikipedia.org/wiki/ManBearPig,"<p>""<b>ManBearPig</b>"" is the fourth episode in the <a href=""/wiki/South_Park_season_10"" title=""South Park season 10"">tenth season</a> of the American animated television series <i><a href=""/wiki/South_Park"" title=""South Park"">South Park</a></i>. The 145th episode of the series overall, it first aired on <a href=""/wiki/Comedy_Central"" title=""Comedy Central"">Comedy Central</a> in the United States on April 26, 2006. In the episode, <a href=""/wiki/Al_Gore"" title=""Al Gore"">Al Gore</a> visits South Park to warn everyone about a creature called ManBearPig, an <a href=""/wiki/Allegory"" title=""Allegory"">allegory</a> for <a href=""/wiki/Global_warming"" class=""mw-redirect"" title=""Global warming"">global warming</a>.<sup id=""cite_ref-1"" class=""reference""><a href=""#cite_note-1"">[1]</a></sup> Gore then gets <a href=""/wiki/Stan_Marsh"" title=""Stan Marsh"">Stan</a>, <a href=""/wiki/Kyle_Broflovski"" title=""Kyle Broflovski"">Kyle</a>, <a href=""/wiki/Eric_Cartman"" title=""Eric Cartman"">Cartman</a>, and <a href=""/wiki/Kenny_McCormick"" title=""Kenny McCormick"">Kenny</a> trapped inside the <a href=""/wiki/Cave_of_the_Winds_(Colorado)"" title=""Cave of the Winds (Colorado)"">Cave of the Winds</a>.<sup id=""cite_ref-Commentary_2-0"" class=""reference""><a href=""#cite_note-Commentary-2"">[2]</a></sup>
</p>","['Stan', 'Kyle', 'Eric', 'Kenny', 'Randy', 'Chef']"
https://en.wikipedia.org/wiki/You%27re_Getting_Old,"<p>""<b>You're Getting Old</b>"" is the seventh episode of the <a href=""/wiki/South_Park_season_15"" title=""South Park season 15"">fifteenth season</a> of the American animated television series <i><a href=""/wiki/South_Park"" title=""South Park"">South Park</a></i>, and the 216th episode of the series overall. It first aired on <a href=""/wiki/Comedy_Central"" title=""Comedy Central"">Comedy Central</a> in the <a href=""/wiki/Television_in_the_United_States"" title=""Television in the United States"">United States</a> on June 8, 2011. In the episode, <a href=""/wiki/Stan_Marsh"" title=""Stan Marsh"">Stan</a> begins to develop a profound sense of cynicism after celebrating his tenth birthday, where he is literally seeing everything as ""<a href=""/wiki/Feces"" title=""Feces"">crap</a>"". Meanwhile, <a href=""/wiki/Randy_and_Sharon_Marsh"" class=""mw-redirect"" title=""Randy and Sharon Marsh"">Randy</a> latches onto a new music genre, ""tween wave"", in an attempt to fit in, which causes problems in his marriage with <a href=""/wiki/Randy_and_Sharon_Marsh"" class=""mw-redirect"" title=""Randy and Sharon Marsh"">Sharon</a>.
</p>","['Stan', 'Kyle', 'Eric', 'Kenny', 'Randy', 'Sharon', 'Shelley', 'Stephen']"
https://en.wikipedia.org/wiki/Pandemic_(South_Park),"<p>""<b>Pandemic</b>"" is the tenth episode in the <a href=""/wiki/South_Park_season_12"" title=""South Park season 12"">twelfth season</a> of the American animated television series <i><a href=""/wiki/South_Park"" title=""South Park"">South Park</a></i>.<sup id=""cite_ref-South_Park_Studios_1-0"" class=""reference""><a href=""#cite_note-South_Park_Studios-1"">[1]</a></sup> The 177th episode of the series overall, it originally aired on <a href=""/wiki/Comedy_Central"" title=""Comedy Central"">Comedy Central</a> in the <a href=""/wiki/United_States"" title=""United States"">United States</a> on October 22, 2008.
</p>","['Stan', 'Kyle', 'Eric', 'Kenny', 'Randy', 'Craig', 'Michael']"
https://en.wikipedia.org/wiki/My_Future_Self_%27n%27_Me,"<p>""<b>My Future Self 'n' Me</b>"" is episode 95 of the <a href=""/wiki/Comedy_Central"" title=""Comedy Central"">Comedy Central</a> series <i><a href=""/wiki/South_Park"" title=""South Park"">South Park</a></i>. It originally aired on December 4, 2002 and is rated <a href=""/wiki/TV-MA"" class=""mw-redirect"" title=""TV-MA"">TV-MA</a> in the <a href=""/wiki/United_States"" title=""United States"">United States</a>.
</p>","['Stan', 'Eric', 'Butters', 'Randy', 'Terrance and Phillip', 'Bebe', 'Sharon', 'Linda', 'Scott', 'Pete']"
https://en.wikipedia.org/wiki/The_Red_Badge_of_Gayness,"<p>""<b>The Red Badge of Gayness</b>"" is the fourteenth episode of the <a href=""/wiki/South_Park_season_3"" title=""South Park season 3"">third season</a> of the animated television series <i><a href=""/wiki/South_Park"" title=""South Park"">South Park</a></i> and the 45th episode of the series overall. It originally aired on November 24, 1999. In the episode, the boys participate in the South Park Civil War reenactment. To win a bet, Cartman convinces the reenactors to try and alter history and leads them throughout the United States.  The episode's name is a reference to the war novel <i><a href=""/wiki/The_Red_Badge_of_Courage"" title=""The Red Badge of Courage"">The Red Badge of Courage</a></i>, and parodies <a href=""/wiki/Ken_Burns"" title=""Ken Burns"">Ken Burns</a>' documentary miniseries <i><a href=""/wiki/The_Civil_War_(TV_series)"" class=""mw-redirect"" title=""The Civil War (TV series)"">The Civil War</a></i><sup id=""cite_ref-1"" class=""reference""><a href=""#cite_note-1"">[1]</a></sup> and the 1993 film <i><a href=""/wiki/Gettysburg_(1993_film)"" title=""Gettysburg (1993 film)"">Gettysburg</a>.</i>
</p>","['Stan', 'Kyle', 'Kenny', 'Randy', 'Craig', 'Tweek', 'Sharon', 'Shelley', 'Grandpa', 'Jimbo', 'Carol', 'Ned', 'Jesus', 'Mr. Hankey']"
https://en.wikipedia.org/wiki/Casa_Bonita_(South_Park),"<p>""<b>Casa Bonita</b>"" is the eleventh episode of the <a href=""/wiki/South_Park_season_7"" title=""South Park season 7"">seventh season</a> of the American <a href=""/wiki/Animated_series"" title=""Animated series"">animated television series</a> <i><a href=""/wiki/South_Park"" title=""South Park"">South Park</a></i>, and the 107th episode of the series overall. It first aired on <a href=""/wiki/Comedy_Central"" title=""Comedy Central"">Comedy Central</a> in the United States on November 12, 2003. In the episode, <a href=""/wiki/Eric_Cartman"" title=""Eric Cartman"">Cartman</a> misleads <a href=""/wiki/Butters_Stotch"" title=""Butters Stotch"">Butters</a> into going missing in order to gain an invitation to <a href=""/wiki/Kyle_Broflovski"" title=""Kyle Broflovski"">Kyle</a>'s birthday party. The titular restaurant in the episode is based on the real-life <a href=""/wiki/Casa_Bonita"" title=""Casa Bonita"">Casa Bonita</a>, a <a href=""/wiki/Culture_of_Mexico"" title=""Culture of Mexico"">Mexican</a>-themed <a href=""/wiki/Restaurant"" title=""Restaurant"">restaurant</a> in <a href=""/wiki/Lakewood,_Colorado"" title=""Lakewood, Colorado"">Lakewood, Colorado</a>.
</p>","['Stan', 'Kyle', 'Eric', 'Kenny', 'Butters', 'Gerald', 'Jimbo', 'Stephen', 'Linda', 'Sheila']"
https://en.wikipedia.org/wiki/Asspen,"<p>""<b>Asspen</b>"" is the second episode of the <a href=""/wiki/South_Park_season_6"" title=""South Park season 6"">sixth season</a> and the 81st overall episode of the American animated television series <i><a href=""/wiki/South_Park"" title=""South Park"">South Park</a></i>. Going by production order, it is the 3rd episode of Season 6 instead of the 2nd episode. It first aired on <a href=""/wiki/Comedy_Central"" title=""Comedy Central"">Comedy Central</a> in the <a href=""/wiki/United_States"" title=""United States"">United States</a> on March 13, 2002.<sup id=""cite_ref-1"" class=""reference""><a href=""#cite_note-1"">[1]</a></sup> In the episode, the boys go on vacation at <a href=""/wiki/Aspen,_Colorado"" title=""Aspen, Colorado"">Aspen</a>, <a href=""/wiki/Colorado"" title=""Colorado"">Colorado</a>, where Stan is repeatedly tormented by an older skier named Tad. Meanwhile, the boys' parents become stuck at a meeting as two salesmen attempt to coax them into purchasing <a href=""/wiki/Timeshare"" title=""Timeshare"">timeshare</a> property.
</p>","['Stan', 'Kyle', 'Eric', 'Butters', 'Terrance and Phillip', 'Bebe', 'Mr. Slave', 'Pete']"
https://en.wikipedia.org/wiki/Mecha-Streisand,"<p>""<b>Mecha-Streisand</b>"" is the twelfth and penultimate episode of the <a href=""/wiki/South_Park_season_1"" title=""South Park season 1"">first season</a> of the American animated television series <i><a href=""/wiki/South_Park"" title=""South Park"">South Park</a></i>. It originally aired on <a href=""/wiki/Comedy_Central"" title=""Comedy Central"">Comedy Central</a> in the United States on February 18, 1998. In the episode, <a href=""/wiki/Barbra_Streisand"" title=""Barbra Streisand"">Barbra Streisand</a> obtains the Diamond of Pantheos from <a href=""/wiki/Stan_Marsh"" title=""Stan Marsh"">Stan</a>, <a href=""/wiki/Eric_Cartman"" title=""Eric Cartman"">Cartman</a>, <a href=""/wiki/Kyle_Broflovski"" title=""Kyle Broflovski"">Kyle</a> and <a href=""/wiki/Kenny_McCormick"" title=""Kenny McCormick"">Kenny</a>, and transforms into a giant mechanical dinosaur called Mecha-Streisand. She is ultimately defeated by <a href=""/wiki/The_Cure"" title=""The Cure"">The Cure</a> frontman <a href=""/wiki/Robert_Smith_(musician)"" title=""Robert Smith (musician)"">Robert Smith</a>, who himself transforms into a giant <a href=""/wiki/Moth"" title=""Moth"">moth</a> monster.
</p>","['Stan', 'Kyle', 'Eric', 'Kenny', 'Ike', 'Officer Barbrady', 'Big Gay Al', 'Jesus', 'Scott', 'Chef', 'Mr. Hankey']"
https://en.wikipedia.org/wiki/W.T.F._(South_Park),"<p>""<b>W.T.F.</b>"" is the 10th episode of the <a href=""/wiki/South_Park_season_13"" title=""South Park season 13"">13th season</a> of the American animated television series <i><a href=""/wiki/South_Park"" title=""South Park"">South Park</a></i>. The 191st overall episode of the series, it originally aired on <a href=""/wiki/Comedy_Central"" title=""Comedy Central"">Comedy Central</a> in the United States on October 21, 2009. In the episode, the South Park boys form their own <a href=""/wiki/Backyard_wrestling"" title=""Backyard wrestling"">backyard wrestling league</a>, drawing droves of fans more interested in the acting and scripted dramatic storylines than athletic elements.
</p>","['Stan', 'Kyle', 'Eric', 'Kenny', 'Butters', 'Jimmy', 'Tolkien']"
https://en.wikipedia.org/wiki/Tsst,"<p>""<b>Tsst</b>"" is the fifth episode in the <a href=""/wiki/South_Park_season_10"" title=""South Park season 10"">tenth season</a> of the American animated television series <i><a href=""/wiki/South_Park"" title=""South Park"">South Park</a></i>. The 146th episode of the series overall, it originally aired on <a href=""/wiki/Comedy_Central"" title=""Comedy Central"">Comedy Central</a> in the United States on May 3, 2006. In the episode, <a href=""/wiki/Liane_Cartman"" title=""Liane Cartman"">Liane Cartman</a> has problems controlling her son <a href=""/wiki/Eric_Cartman"" title=""Eric Cartman"">Eric Cartman</a>, and enlists several <a href=""/wiki/Reality_television"" title=""Reality television"">reality television</a> shows to help with his spoiled behavior.
</p>","['Stan', 'Eric', 'Liane', 'Mr. Mackey', 'Chef']"
https://en.wikipedia.org/wiki/Major_Boobage,"<p>""<b>Major Boobage</b>"" is the third episode in <a href=""/wiki/South_Park_season_12"" title=""South Park season 12"">season 12</a> of the American animated television series <i><a href=""/wiki/South_Park"" title=""South Park"">South Park</a></i>.<sup id=""cite_ref-South_Park_Studios_1-0"" class=""reference""><a href=""#cite_note-South_Park_Studios-1"">[1]</a></sup> The 170th episode of the series overall, it originally aired on <a href=""/wiki/Comedy_Central"" title=""Comedy Central"">Comedy Central</a> in the United States on March 26, 2008. The episode was written and directed by series co-creator <a href=""/wiki/Trey_Parker"" title=""Trey Parker"">Trey Parker</a>.
</p>","['Stan', 'Kyle', 'Eric', 'Kenny', 'Butters', 'Gerald', 'Mr. Mackey', 'Sheila']"
https://en.wikipedia.org/wiki/Jewpacabra,"<p>""<b>Jewpacabra</b>"" <span class=""rt-commentedText nowrap""><span class=""IPA nopopups noexcerpt"" lang=""en-fonipa""><a href=""/wiki/Help:IPA/English"" title=""Help:IPA/English"">/<span style=""border-bottom:1px dotted""><span title=""/ˈ/: primary stress follows"">ˈ</span><span title=""/dʒ/: 'j' in 'jam'"">dʒ</span><span title=""/uː/: 'oo' in 'goose'"">uː</span><span title=""'p' in 'pie'"">p</span><span title=""/ə/: 'a' in 'about'"">ə</span><span title=""/ˈ/: primary stress follows"">ˈ</span><span title=""'k' in 'kind'"">k</span><span title=""/ɑː/: 'a' in 'father'"">ɑː</span><span title=""'b' in 'buy'"">b</span><span title=""'r' in 'rye'"">r</span><span title=""/ə/: 'a' in 'about'"">ə</span></span>/</a></span></span> is the fourth episode of the <a href=""/wiki/South_Park_season_16"" title=""South Park season 16"">sixteenth season</a> of the American animated sitcom <i><a href=""/wiki/South_Park"" title=""South Park"">South Park</a></i>, and the 227th episode of the series overall. It premiered on <a href=""/wiki/Comedy_Central"" title=""Comedy Central"">Comedy Central</a> in the <a href=""/wiki/United_States"" title=""United States"">United States</a> on April 4, 2012. In this episode, South Park's big Easter <a href=""/wiki/Egg_hunt"" title=""Egg hunt"">egg hunt</a> is in jeopardy when there are rumors of a dangerous beast lurking in the woods nearby. Cartman tries to warn everyone that their lives are at risk if they participate in the egg hunt. No one believes him until he produces video evidence of the mysterious being.<sup id=""cite_ref-1"" class=""reference""><a href=""#cite_note-1"">[1]</a></sup> The episode was written and directed by <a href=""/wiki/Trey_Parker"" title=""Trey Parker"">Trey Parker</a> and was rated <a href=""/wiki/TV_Parental_Guidelines"" title=""TV Parental Guidelines"">TV-MA LV</a> in the United States.
</p>","['Kyle', 'Eric', 'Butters', 'Craig', 'Jesus', 'Michael']"
https://en.wikipedia.org/wiki/Basic_Cable_(South_Park),"<p>""<b>Basic Cable</b>"" is the ninth episode of the <a href=""/wiki/South_Park_season_23"" title=""South Park season 23"">twenty-third season</a> of the American animated television series <i><a href=""/wiki/South_Park"" title=""South Park"">South Park</a></i>. The 306th episode overall of the series, it premiered on <a href=""/wiki/Comedy_Central"" title=""Comedy Central"">Comedy Central</a> in the United States on December 4, 2019.
</p>","['Jimmy', 'Scott Malkinson', 'Stephen', 'Linda', 'Scott']"
https://en.wikipedia.org/wiki/Wieners_Out,"<p>""<b>Wieners Out</b>"" is the fourth episode in the <a href=""/wiki/South_Park_season_20"" title=""South Park season 20"">twentieth season</a> of the American animated television series <i><a href=""/wiki/South_Park"" title=""South Park"">South Park</a></i>. The 271st episode of the series overall, it first aired on <a href=""/wiki/Comedy_Central"" title=""Comedy Central"">Comedy Central</a> in the United States on October 12, 2016.
</p>","['Kyle', 'Eric', 'Kenny', 'Butters', 'Gerald', 'Heidi', 'Ike', 'Sheila']"
https://en.wikipedia.org/wiki/Let_Them_Eat_Goo,"<p>""<b>Let Them Eat Goo</b>"" is the fourth episode of the <a href=""/wiki/South_Park_season_23"" title=""South Park season 23"">twenty-third season</a> of the American animated television series <i><a href=""/wiki/South_Park"" title=""South Park"">South Park</a></i>. The 301st episode overall of the series, it premiered on <a href=""/wiki/Comedy_Central"" title=""Comedy Central"">Comedy Central</a> in the United States on October 16, 2019.<sup id=""cite_ref-1"" class=""reference""><a href=""#cite_note-1"">[1]</a></sup>
</p>","['Eric', 'Randy', 'Mr. Mackey', 'Wendy', 'PC Principal', 'Sharon', 'Towelie', 'Nichole']"
https://en.wikipedia.org/wiki/Fat_Camp_(South_Park),"<p>""<b>Fat Camp</b>"" is the fifteenth episode of the <a href=""/wiki/South_Park_season_4"" title=""South Park season 4"">fourth season</a> of the animated television series <i><a href=""/wiki/South_Park"" title=""South Park"">South Park</a></i>, and the 64th episode of the series overall. ""Fat Camp"" originally aired in the <a href=""/wiki/United_States"" title=""United States"">United States</a> on December 6, 2000<sup id=""cite_ref-Fat_Camp_-_South_Park_Studios_1-0"" class=""reference""><a href=""#cite_note-Fat_Camp_-_South_Park_Studios-1"">[1]</a></sup> on <a href=""/wiki/Comedy_Central"" title=""Comedy Central"">Comedy Central</a>. In the episode, Cartman is sent to lose weight at a fat camp where he discovers a different way to earn money. Meanwhile, Kenny starts doing crazy, disgusting acts for cash in a parody of the television show <i><a href=""/wiki/Jackass_(TV_series)"" class=""mw-redirect"" title=""Jackass (TV series)"">Jackass</a></i>.
</p>","['Kyle', 'Kenny', 'Liane', 'Timmy', 'Jesus', 'Pip', 'Chef']"
"https://en.wikipedia.org/wiki/Die_Hippie,_Die","<p>""<b>Die Hippie, Die</b>"" is the second episode in the <a href=""/wiki/South_Park_season_9"" title=""South Park season 9"">ninth season</a> of the American animated television series <i><a href=""/wiki/South_Park"" title=""South Park"">South Park</a></i>. The 127th episode overall, it originally aired on <a href=""/wiki/Comedy_Central"" title=""Comedy Central"">Comedy Central</a> in the United States on March 16, 2005. In the episode, Cartman works to rid South Park from an infestation of <a href=""/wiki/Hippie"" title=""Hippie"">hippies</a>. The episode parodies the 2003 film <i><a href=""/wiki/The_Core"" title=""The Core"">The Core</a></i>.
</p>","['Stan', 'Kyle', 'Eric', 'Kenny', 'Butters', 'Randy', 'Gerald', 'Sharon', 'Shelley', 'Stephen', 'Linda', 'Mayor', 'Chef', 'Sheila']"
https://en.wikipedia.org/wiki/Cartmanland,"<p>""<b>Cartmanland</b>"" is the sixth episode of the <a href=""/wiki/South_Park_season_5"" title=""South Park season 5"">fifth season</a> of the animated sitcom <i><a href=""/wiki/South_Park"" title=""South Park"">South Park</a></i>, and the 71st episode overall. It first aired on <a href=""/wiki/Comedy_Central"" title=""Comedy Central"">Comedy Central</a> in the United States on July 25, 2001.
</p>","['Stan', 'Kyle', 'Eric', 'Kenny', 'Butters', 'Gerald', 'Tolkien', 'Terrance and Phillip', 'Stuart', 'Carol', 'Scott', 'Towelie', 'Satan', 'Sheila']"
https://en.wikipedia.org/wiki/Lice_Capades,"<p>""<b>Lice Capades</b>"" is the third episode of the <a href=""/wiki/South_Park_season_11"" title=""South Park season 11"">eleventh season</a> of the American animated television series <i><a href=""/wiki/South_Park"" title=""South Park"">South Park</a></i>. The 156th episode of the series overall, it first aired on <a href=""/wiki/Comedy_Central"" title=""Comedy Central"">Comedy Central</a> in the United States on March 21, 2007. In the episode, <a href=""/wiki/Clyde_Donovan"" class=""mw-redirect"" title=""Clyde Donovan"">Clyde</a> discovers that he has <a href=""/wiki/Head_louse"" title=""Head louse"">head lice</a> and tries to hide it from his classmates, knowing they will make fun of him. The episode was written and directed by series co-creator <a href=""/wiki/Trey_Parker"" title=""Trey Parker"">Trey Parker</a>.
</p>","['Stan', 'Kyle', 'Kenny', 'Clyde']"
https://en.wikipedia.org/wiki/Christmas_Snow_(South_Park),"<p>""<b>Christmas Snow</b>"" is the tenth and final episode of the <a href=""/wiki/South_Park_season_23"" title=""South Park season 23"">twenty-third season</a> of the American animated television series <i><a href=""/wiki/South_Park"" title=""South Park"">South Park</a></i>. The 307th episode overall of the series, it premiered on <a href=""/wiki/Comedy_Central"" title=""Comedy Central"">Comedy Central</a> in the United States on December 11, 2019. It was the final regular episode for almost three years until ""<a href=""/wiki/Pajama_Day_(South_Park)"" title=""Pajama Day (South Park)"">Pajama Day</a>"" on February 2, 2022.
</p>","['Randy', 'Jesus', 'Mayor', 'Santa', 'Towelie', 'Mr. Hankey']"
https://en.wikipedia.org/wiki/Chef_Aid,"<p>""<b>Chef Aid</b>"" is the fourteenth episode of the <a href=""/wiki/South_Park_season_2"" title=""South Park season 2"">second season</a> of the American animated television series <i><a href=""/wiki/South_Park"" title=""South Park"">South Park</a></i>. The 27th episode of the series overall, it originally aired on <a href=""/wiki/Comedy_Central"" title=""Comedy Central"">Comedy Central</a> in the United States on October 7, 1998. The episode was written by series co-creators <a href=""/wiki/Trey_Parker"" title=""Trey Parker"">Trey Parker</a> and <a href=""/wiki/Matt_Stone"" title=""Matt Stone"">Matt Stone</a>, and directed by Parker. Guest stars in this episode include <a href=""/wiki/Joe_Strummer"" title=""Joe Strummer"">Joe Strummer</a>, <a href=""/wiki/Rancid_(band)"" title=""Rancid (band)"">Rancid</a>, <a href=""/wiki/Ozzy_Osbourne"" title=""Ozzy Osbourne"">Ozzy Osbourne</a>, <a href=""/wiki/Ween"" title=""Ween"">Ween</a>, <a href=""/wiki/Primus_(band)"" title=""Primus (band)"">Primus</a>, <a href=""/wiki/Elton_John"" title=""Elton John"">Elton John</a>, <a href=""/wiki/Meat_Loaf"" title=""Meat Loaf"">Meat Loaf</a> and <a href=""/wiki/Rick_James"" title=""Rick James"">Rick James</a>.
</p>","['Wendy', 'Terrance and Phillip', 'Ike', 'Carol', 'Chef']"
https://en.wikipedia.org/wiki/Kenny_Dies,"<p>""<b>Kenny Dies</b>"" is the thirteenth episode of the <a href=""/wiki/South_Park_season_5"" title=""South Park season 5"">fifth season</a> of the animated television series <i><a href=""/wiki/South_Park"" title=""South Park"">South Park</a></i>, and the 78th episode of the series overall. ""Kenny Dies"" originally aired in the <a href=""/wiki/United_States"" title=""United States"">United States</a> on December 5, 2001 on <a href=""/wiki/Comedy_Central"" title=""Comedy Central"">Comedy Central</a> and in the <a href=""/wiki/United_Kingdom"" title=""United Kingdom"">United Kingdom</a> on April 20, 2002 on <a href=""/wiki/Sky_One"" title=""Sky One"">Sky One</a>. In the episode, Cartman comes across a truckload of <a href=""/wiki/Fetus"" title=""Fetus"">fetuses</a> he cannot sell thanks to a recent government ruling on stem cell research. When <a href=""/wiki/Kenny_McCormick"" title=""Kenny McCormick"">Kenny</a> is diagnosed with a terminal illness, Cartman uses it to lobby Congress to restore stem cell research.
</p>","['Stan', 'Kyle', 'Eric', 'Kenny', 'Butters', 'Terrance and Phillip', 'Scott', 'Towelie', 'Chef']"
https://en.wikipedia.org/wiki/Skank_Hunt,"<p>""<b>Skank Hunt</b>"" is the second episode in the <a href=""/wiki/South_Park_season_20"" title=""South Park season 20"">twentieth season</a> of the American animated television series <i><a href=""/wiki/South_Park"" title=""South Park"">South Park</a></i>. The 269th episode of the series overall, it first aired on <a href=""/wiki/Comedy_Central"" title=""Comedy Central"">Comedy Central</a> in the United States on September 21, 2016. The episode satirizes <a href=""/wiki/Internet_troll"" class=""mw-redirect"" title=""Internet troll"">trolling</a>, <a href=""/wiki/Cyberbullying"" title=""Cyberbullying"">cyberbullying</a> and <a href=""/wiki/Suicide_prevention"" title=""Suicide prevention"">suicide prevention</a>.
</p>","['Stan', 'Kyle', 'Eric', 'Gerald', 'Mr. Mackey', 'Wendy', 'Heidi', 'Scott Malkinson', 'Ike', 'Scott']"
https://en.wikipedia.org/wiki/The_Last_of_the_Meheecans,"<p>""<b>The Last of the Meheecans</b>"" is the ninth episode of the <a href=""/wiki/South_Park_season_15"" title=""South Park season 15"">fifteenth season</a> of the American animated television series <i><a href=""/wiki/South_Park"" title=""South Park"">South Park</a></i>, and the 218th episode of the series overall. It first aired on <a href=""/wiki/Comedy_Central"" title=""Comedy Central"">Comedy Central</a> in the <a href=""/wiki/United_States"" title=""United States"">United States</a> on October 12, 2011.<sup id=""cite_ref-1"" class=""reference""><a href=""#cite_note-1"">[1]</a></sup> In the episode, what begins as an innocent game between the boys turns serious when <a href=""/wiki/Eric_Cartman"" title=""Eric Cartman"">Cartman</a> joins the <a href=""/wiki/United_States_Border_Patrol"" title=""United States Border Patrol"">U.S. Border Patrol</a>.
</p>","['Stan', 'Kyle', 'Eric', 'Butters']"
https://en.wikipedia.org/wiki/Crack_Baby_Athletic_Association,"<p>""<b>Crack Baby Athletic Association</b>"" is the fifth episode of the <a href=""/wiki/South_Park_season_15"" title=""South Park season 15"">fifteenth season</a> of the American animated television series <i><a href=""/wiki/South_Park"" title=""South Park"">South Park</a></i>, and the 214th episode of the series overall, and was written and directed by series co-creator <a href=""/wiki/Trey_Parker"" title=""Trey Parker"">Trey Parker</a>. It premiered in the United States on <a href=""/wiki/Comedy_Central"" title=""Comedy Central"">Comedy Central</a> on May 25, 2011,<sup id=""cite_ref-1"" class=""reference""><a href=""#cite_note-1"">[1]</a></sup> and was rated <a href=""/wiki/TV-MA"" class=""mw-redirect"" title=""TV-MA"">TV-MA</a>-L in the United States. ""Crack Baby Athletic Association"" was nominated for the 2011 <a href=""/wiki/Emmy_Award"" class=""mw-redirect"" title=""Emmy Award"">Emmy Award</a> for <a href=""/wiki/Primetime_Emmy_Award_for_Outstanding_Animated_Program_(for_Programming_Less_Than_One_Hour)"" class=""mw-redirect"" title=""Primetime Emmy Award for Outstanding Animated Program (for Programming Less Than One Hour)"">Outstanding Animated Program for Programming Less Than One Hour</a>, but lost to <i><a href=""/wiki/Futurama"" title=""Futurama"">Futurama</a></i> for the episode ""<a href=""/wiki/The_Late_Philip_J._Fry"" title=""The Late Philip J. Fry"">The Late Philip J. Fry</a>"".<sup id=""cite_ref-2"" class=""reference""><a href=""#cite_note-2"">[2]</a></sup> It parodies several films, such as <i><a href=""/wiki/Miracle_on_34th_Street"" title=""Miracle on 34th Street"">Miracle on 34th Street</a></i>.
</p>","['Stan', 'Kyle', 'Eric', 'Butters', 'Clyde', 'Craig', 'Terrance and Phillip', 'Santa', 'Pete']"
https://en.wikipedia.org/wiki/Put_It_Down_(South_Park),"<p>""<b>Put It Down</b>"" is the second episode in the <a href=""/wiki/South_Park_season_21"" title=""South Park season 21"">twenty-first season</a> of the American animated television series <i><a href=""/wiki/South_Park"" title=""South Park"">South Park</a></i>. The 279th episode of the series overall, it first aired on <a href=""/wiki/Comedy_Central"" title=""Comedy Central"">Comedy Central</a> in the United States on September 20, 2017.
</p>","['Stan', 'Eric', 'Craig', 'Tweek', 'Heidi', 'PC Principal']"
https://en.wikipedia.org/wiki/Hooked_on_Monkey_Fonics,"<p>""<b>Hooked on Monkey Fonics</b>"" is the twelfth-aired and the thirteenth-produced episode of the <a href=""/wiki/South_Park_season_3"" title=""South Park season 3"">third season</a> of the animated television series <i><a href=""/wiki/South_Park"" title=""South Park"">South Park</a></i> and the 43rd episode of the series overall. It originally aired on November 10, 1999. It features issues of <a href=""/wiki/Homeschooling"" title=""Homeschooling"">homeschooling</a> and <a href=""/wiki/Phonics"" title=""Phonics"">phonics</a>, a method of teaching children to read. This is the final episode of <a href=""/wiki/South_Park"" title=""South Park"">South Park</a> to feature the voice of <a href=""/wiki/Mary_Kay_Bergman"" title=""Mary Kay Bergman"">Mary Kay Bergman</a>, who died by suicide the day after the episode aired. The final episode to use her dialogue was ""<a href=""/wiki/Starvin%27_Marvin_in_Space"" title=""Starvin' Marvin in Space"">Starvin' Marvin in Space</a>"" which ended production shortly before her death.<sup id=""cite_ref-CNN_1-0"" class=""reference""><a href=""#cite_note-CNN-1"">[1]</a></sup>
</p>","['Stan', 'Kyle', 'Eric', 'Kenny', 'Randy', 'Liane', 'Herbert', 'Craig', 'Tweek', 'Sharon', 'Jesus', 'Chef', 'Mr. Hankey']"
https://en.wikipedia.org/wiki/A_Million_Little_Fibers,"<p>""<b>A Million Little Fibers</b>"" is the fifth episode in the <a href=""/wiki/South_Park_season_10"" title=""South Park season 10"">tenth season</a> of the American animated television series <i><a href=""/wiki/South_Park"" title=""South Park"">South Park</a></i>. The 144th episode of the series overall, it was first broadcast on <a href=""/wiki/Comedy_Central"" title=""Comedy Central"">Comedy Central</a> in the United States on April 19, 2006. It is one of two episodes where neither <a href=""/wiki/Stan_Marsh"" title=""Stan Marsh"">Stan</a>, <a href=""/wiki/Kyle_Broflovski"" title=""Kyle Broflovski"">Kyle</a>, <a href=""/wiki/Eric_Cartman"" title=""Eric Cartman"">Cartman</a>, or <a href=""/wiki/Kenny_McCormick"" title=""Kenny McCormick"">Kenny</a> make an appearance, the other being ""<a href=""/wiki/Pip_(South_Park)"" title=""Pip (South Park)"">Pip</a>"". The episode focuses on <a href=""/wiki/List_of_recurring_South_Park_characters#Towelie"" class=""mw-redirect"" title=""List of recurring South Park characters"">Towelie</a> and parodies the controversy over the book <i><a href=""/wiki/A_Million_Little_Pieces"" title=""A Million Little Pieces"">A Million Little Pieces</a></i>, an infamous novelistic memoir by <a href=""/wiki/James_Frey"" title=""James Frey"">James Frey</a> that was lauded by <a href=""/wiki/Oprah_Winfrey"" title=""Oprah Winfrey"">Oprah Winfrey</a> on her talk show until it was revealed to be largely fabricated.<sup id=""cite_ref-Oprah_Responds_to_James_Frey_Controversy_1-0"" class=""reference""><a href=""#cite_note-Oprah_Responds_to_James_Frey_Controversy-1"">[1]</a></sup>
</p>","['Stan', 'Kyle', 'Eric', 'Kenny', 'Gerald', 'Towelie', 'Pip', 'Chef']"
https://en.wikipedia.org/wiki/Cartoon_Wars_Part_I,"<p>""<b>Cartoon Wars Part I</b>"" is the third episode in the <a href=""/wiki/South_Park_season_10"" title=""South Park season 10"">tenth season</a> of the American animated television series <i><a href=""/wiki/South_Park"" title=""South Park"">South Park</a></i>. The 142nd episode of the series overall, it first aired on <a href=""/wiki/Comedy_Central"" title=""Comedy Central"">Comedy Central</a> in the United States on April 5, 2006. It is the first part of a two-episode story-arc, which concludes with ""<a href=""/wiki/Cartoon_Wars_Part_II"" title=""Cartoon Wars Part II"">Cartoon Wars Part II</a>"". In the episode, it is announced that a <i><a href=""/wiki/Family_Guy"" title=""Family Guy"">Family Guy</a></i> episode will air with the Islamic prophet <a href=""/wiki/Muhammad"" title=""Muhammad"">Muhammad</a> as a character, leaving the whole of the United States fearing for their lives. <a href=""/wiki/Eric_Cartman"" title=""Eric Cartman"">Cartman</a> apparently believes that the episode is offensive to Muslims and decides to go to <a href=""/wiki/Hollywood,_Los_Angeles"" title=""Hollywood, Los Angeles"">Hollywood</a> to try to get the episode pulled.
</p>","['Stan', 'Kyle', 'Eric', 'Kenny', 'Randy', 'Herbert', 'Ike', 'Mayor', 'Chef', 'Satan', 'Pete']"
https://en.wikipedia.org/wiki/Faith_Hilling,"<p>""<b>Faith Hilling</b>"" is the third episode of the <a href=""/wiki/South_Park_season_16"" title=""South Park season 16"">sixteenth season</a> of the American animated television series <i><a href=""/wiki/South_Park"" title=""South Park"">South Park</a></i>, and the 226th episode overall. The episode was written by series co-creator <a href=""/wiki/Trey_Parker"" title=""Trey Parker"">Trey Parker</a> and is rated <a href=""/wiki/TV-MA_L"" class=""mw-redirect"" title=""TV-MA L"">TV-MA L</a> in the United States. It premiered on <a href=""/wiki/Comedy_Central"" title=""Comedy Central"">Comedy Central</a> in the <a href=""/wiki/United_States"" title=""United States"">United States</a> on March 28, 2012.
</p>","['Stan', 'Eric']"
https://en.wikipedia.org/wiki/Good_Times_with_Weapons,"<p>""<b>Good Times with Weapons</b>"" is the first episode of the eighth season of the American <a href=""/wiki/Animated_series"" title=""Animated series"">animated series</a> <a href=""/wiki/South_Park"" title=""South Park"">South Park</a> and the 112th episode of the series. It originally aired on March 17, 2004. In the episode, the boys are transformed into Japanese warriors after they buy martial arts weapons at a local market. Their sworn enemy, Professor Chaos, confronts them and a highly stylized battle ensues. The episode's <a href=""/wiki/Animation"" title=""Animation"">animation</a> routinely switches from the usual <a href=""/wiki/Cutout_animation"" title=""Cutout animation"">cutout</a>-and-solid-color style to a highly stylized <a href=""/wiki/Anime"" title=""Anime"">anime</a> theme.
</p>","['Stan', 'Kyle', 'Eric', 'Kenny', 'Butters', 'Jimmy', 'Tolkien', 'Clyde', 'Craig', 'Pete']"
https://en.wikipedia.org/wiki/Gnomes_(South_Park),"<p>""<b>Gnomes</b>"" is the seventeenth and penultimate episode of the <a href=""/wiki/South_Park_season_2"" title=""South Park season 2"">second season</a> of the American animated television series <i><a href=""/wiki/South_Park"" title=""South Park"">South Park</a></i>. The 30th episode of the series overall, it originally aired on <a href=""/wiki/Comedy_Central"" title=""Comedy Central"">Comedy Central</a> in the United States on December 16, 1998. The episode was written by series co-creators <a href=""/wiki/Trey_Parker"" title=""Trey Parker"">Trey Parker</a> and <a href=""/wiki/Matt_Stone"" title=""Matt Stone"">Matt Stone</a>, along with <a href=""/wiki/Pam_Brady"" title=""Pam Brady"">Pam Brady</a>, and directed by Parker. This episode marks the first appearance of <a href=""/wiki/Tweek_Tweak"" class=""mw-redirect"" title=""Tweek Tweak"">Tweek Tweak</a> and his parents.
</p>","['Stan', 'Kyle', 'Eric', 'Kenny', 'Terrance and Phillip', 'Tweek', 'Ike', 'Stephen', 'Mayor', 'Chef']"
"https://en.wikipedia.org/wiki/Help,_My_Teenager_Hates_Me!","<p>""<b>Help, My Teenager Hates Me!</b>"" is the fifth episode of the <a href=""/wiki/South_Park_season_25"" title=""South Park season 25"">twenty-fifth season</a> of the American animated television series <i><a href=""/wiki/South_Park"" title=""South Park"">South Park</a></i>. The 316th episode overall of the series, it premiered on <a href=""/wiki/Comedy_Central"" title=""Comedy Central"">Comedy Central</a> in the United States on March 9, 2022.<sup id=""cite_ref-1"" class=""reference""><a href=""#cite_note-1"">[1]</a></sup> This episode features the boys having to learn to deal with the angst and frustration of teenagers, as the boys want to play <a href=""/wiki/Airsoft"" title=""Airsoft"">Airsoft</a> and find teenagers are their only willing participants.
</p>","['Stan', 'Kyle', 'Eric', 'Kenny', 'Randy', 'Gerald', 'Jimbo', 'Stuart', 'Carol', 'Sheila']"
https://en.wikipedia.org/wiki/Bass_to_Mouth,"<p>""<b>Bass to Mouth</b>"" is the tenth episode of the <a href=""/wiki/South_Park_season_15"" title=""South Park season 15"">fifteenth season</a> of the American animated television series <i><a href=""/wiki/South_Park"" title=""South Park"">South Park</a></i>, and the 219th episode overall. It first aired on <a href=""/wiki/Comedy_Central"" title=""Comedy Central"">Comedy Central</a> in the <a href=""/wiki/United_States"" title=""United States"">United States</a> on October 19, 2011. Much of the episode's plot alludes to <a href=""/wiki/WikiLeaks"" title=""WikiLeaks"">WikiLeaks</a> and its surrounding controversy.<sup id=""cite_ref-1"" class=""reference""><a href=""#cite_note-1"">[1]</a></sup>
</p>","['Stan', 'Kyle', 'Eric', 'Kenny', 'Mr. Mackey', 'Wendy', 'Pete']"
https://en.wikipedia.org/wiki/Black_Friday_(South_Park),"<p>""<b>Black Friday</b>"" is the seventh episode in the <a href=""/wiki/South_Park_season_17"" title=""South Park season 17"">seventeenth season</a> of the American animated television series <i><a href=""/wiki/South_Park"" title=""South Park"">South Park</a></i>. The 244th episode of the series overall, it premiered on <a href=""/wiki/Comedy_Central"" title=""Comedy Central"">Comedy Central</a> in the United States on November 13, 2013. The episode is the first of a three-episode <a href=""/wiki/Story_arc"" title=""Story arc"">story arc</a>, which continues with ""<a href=""/wiki/A_Song_of_Ass_and_Fire"" title=""A Song of Ass and Fire"">A Song of Ass and Fire</a>"", and concludes with ""<a href=""/wiki/Titties_and_Dragons"" title=""Titties and Dragons"">Titties and Dragons</a>"". The plot, which employs themes and motifs from the TV series <i><a href=""/wiki/Game_of_Thrones"" title=""Game of Thrones"">Game of Thrones</a></i>, concerns the characters' anticipation of a <a href=""/wiki/Black_Friday_(shopping)"" title=""Black Friday (shopping)"">Black Friday</a> sale, with <a href=""/wiki/Randy_and_Sharon_Marsh"" class=""mw-redirect"" title=""Randy and Sharon Marsh"">Randy Marsh</a> taking a temporary job as a mall <a href=""/wiki/Security_guard"" title=""Security guard"">security guard</a> to gain an advantage over the holiday shopping crowds, and the children of South Park split into two factions over whether to collectively purchase bargain-priced <a href=""/wiki/Xbox_One"" title=""Xbox One"">Xbox One</a> or <a href=""/wiki/PlayStation_4"" title=""PlayStation 4"">PlayStation 4</a> <a href=""/wiki/Video_game_console"" title=""Video game console"">video game consoles</a> to facilitate their online group gaming.<sup id=""cite_ref-AssAndFireDescription_1-0"" class=""reference""><a href=""#cite_note-AssAndFireDescription-1"">[1]</a></sup><sup id=""cite_ref-2"" class=""reference""><a href=""#cite_note-2"">[2]</a></sup>
</p>","['Stan', 'Kyle', 'Eric', 'Kenny', 'Butters', 'Randy', 'Sharon']"
https://en.wikipedia.org/wiki/The_Magic_Bush,"<p>""<b>The Magic Bush</b>"" is the fifth episode in the <a href=""/wiki/South_Park_season_18"" title=""South Park season 18"">eighteenth season</a> of the American animated television series <i><a href=""/wiki/South_Park"" title=""South Park"">South Park</a></i>. The 252nd overall episode, it was written and directed by series co-creator and co-star <a href=""/wiki/Trey_Parker"" title=""Trey Parker"">Trey Parker</a>. The episode premiered on <a href=""/wiki/Comedy_Central"" title=""Comedy Central"">Comedy Central</a> in the United States on October 29, 2014. The episode lampoons the use of <a href=""/wiki/Unmanned_aerial_vehicle"" title=""Unmanned aerial vehicle"">drone</a> airplanes, leaked nude celebrity photos, and the <a href=""/wiki/Shooting_of_Michael_Brown"" class=""mw-redirect"" title=""Shooting of Michael Brown"">shooting of Michael Brown</a> and the following <a href=""/wiki/Ferguson_unrest"" title=""Ferguson unrest"">Ferguson unrest</a>.
</p>","['Kyle', 'Eric', 'Kenny', 'Butters', 'Randy', 'Craig', 'Sharon', 'Stephen', 'Michael']"
https://en.wikipedia.org/wiki/Gluten_Free_Ebola,"<p>""<b>Gluten Free Ebola</b>"" is the second episode in the <a href=""/wiki/South_Park_season_18"" title=""South Park season 18"">eighteenth season</a> of the American animated television series <i><a href=""/wiki/South_Park"" title=""South Park"">South Park</a></i>. The 249th overall episode, it was written and directed by series co-creator <a href=""/wiki/Trey_Parker"" title=""Trey Parker"">Trey Parker</a>. The episode premiered on <a href=""/wiki/Comedy_Central"" title=""Comedy Central"">Comedy Central</a> in the United States on October 1, 2014. The episode lampoons the trend of the <a href=""/wiki/Gluten-free_diet"" title=""Gluten-free diet"">gluten-free diet</a> lifestyle and the constant changes recommended to the <a href=""/wiki/Western_pattern_diet"" title=""Western pattern diet"">Western pattern diet</a> and <a href=""/wiki/MyPlate"" title=""MyPlate"">the current food guide</a>.
</p>","['Stan', 'Kyle', 'Eric', 'Kenny', 'Randy', 'Mr. Mackey', 'Wendy', 'Scott Malkinson', 'Scott']"
https://en.wikipedia.org/wiki/Raisins_(South_Park),"<p>""<b>Raisins</b>"" is the fourteenth episode of the <a href=""/wiki/South_Park_season_7"" title=""South Park season 7"">seventh season</a> of the American animated television series <i><a href=""/wiki/South_Park"" title=""South Park"">South Park</a></i>, and the 110th episode of the series overall. It first aired on <a href=""/wiki/Comedy_Central"" title=""Comedy Central"">Comedy Central</a> in the <a href=""/wiki/Television_in_the_United_States"" title=""Television in the United States"">United States</a> on December 10, 2003. In the episode, <a href=""/wiki/Wendy_Testaburger"" title=""Wendy Testaburger"">Wendy</a> breaks up with <a href=""/wiki/Stan_Marsh"" title=""Stan Marsh"">Stan</a>, causing him to spiral into a deep depression. The boys, in an attempt to make him feel better, take him to Raisins, a parody of American restaurant chain <a href=""/wiki/Hooters"" title=""Hooters"">Hooters</a>. Meanwhile, <a href=""/wiki/Butters_Stotch"" title=""Butters Stotch"">Butters</a> becomes infatuated with a waitress at Raisins.
</p>","['Stan', 'Kyle', 'Butters', 'Jimmy', 'Tolkien', 'Wendy', 'Bebe', 'Pete']"
https://en.wikipedia.org/wiki/Prehistoric_Ice_Man,"<p>""<b>Prehistoric Ice Man</b>"" is the eighteenth and final episode of the <a href=""/wiki/South_Park_season_2"" title=""South Park season 2"">second season</a> of the American animated television series <i><a href=""/wiki/South_Park"" title=""South Park"">South Park</a></i>. The 31st episode of the series overall, it originally aired on <a href=""/wiki/Comedy_Central"" title=""Comedy Central"">Comedy Central</a> in the United States on January 20, 1999. The episode was written by series co-creator <a href=""/wiki/Trey_Parker"" title=""Trey Parker"">Trey Parker</a>, along with <a href=""/wiki/Nancy_M._Pimental"" class=""mw-redirect"" title=""Nancy M. Pimental"">Nancy M. Pimental</a>, and directed by <a href=""/wiki/Eric_Stough"" title=""Eric Stough"">Eric Stough</a>.<sup id=""cite_ref-1"" class=""reference""><a href=""#cite_note-1"">[1]</a></sup>
</p>","['Stan', 'Kyle', 'Eric', 'Kenny', 'Terrance and Phillip', 'Ike', 'Chef']"
https://en.wikipedia.org/wiki/Cartman%27s_Mom_Is_a_Dirty_Slut,"<p>""<b>Cartman's Mom Is a Dirty Slut</b>"" is the thirteenth and final episode of the <a href=""/wiki/South_Park_season_1"" title=""South Park season 1"">first season</a> of the American animated television series <i><a href=""/wiki/South_Park"" title=""South Park"">South Park</a></i>. It originally aired on <a href=""/wiki/Comedy_Central"" title=""Comedy Central"">Comedy Central</a> in the United States on February 25, 1998. The episode is the highest viewed episode in the entire <i>South Park</i> series, with 6.4 million views. It is part one of a two-episode story arc, which concluded with ""<a href=""/wiki/Cartman%27s_Mom_Is_Still_a_Dirty_Slut"" title=""Cartman's Mom Is Still a Dirty Slut"">Cartman's Mom Is Still a Dirty Slut</a>"". The episode follows <a href=""/wiki/Eric_Cartman"" title=""Eric Cartman"">Eric Cartman</a>, one of the show's child protagonists, becoming curious about the identity of his father. He discovers that his father is most likely a man <a href=""/wiki/Liane_Cartman"" title=""Liane Cartman"">his mother</a> had sexual intercourse with during an annual party called ""The Drunken Barn Dance"". Meanwhile, his friends <a href=""/wiki/Stan_Marsh"" title=""Stan Marsh"">Stan</a>, <a href=""/wiki/Kyle_Broflovski"" title=""Kyle Broflovski"">Kyle</a> and <a href=""/wiki/Kenny_McCormick"" title=""Kenny McCormick"">Kenny</a> participate on <i><a href=""/wiki/America%27s_Funniest_Home_Videos"" title=""America's Funniest Home Videos"">America's Stupidest Home Videos</a></i>, after filming Cartman playing in his yard with plush toys.
</p>","['Stan', 'Kyle', 'Eric', 'Kenny', 'Liane', 'Mr. Mackey', 'Terrance and Phillip', 'Ike', 'Big Gay Al', 'Jesus', 'Scott', 'Father Maxi', 'Mayor', 'Chef', 'Mr. Hankey']"
https://en.wikipedia.org/wiki/Spring_Break_(South_Park),"<p>""<b>Spring Break</b>"" is the sixth and final episode of the <a href=""/wiki/South_Park_season_26"" title=""South Park season 26"">twenty-sixth season</a> of the American animated television series <i><a href=""/wiki/South_Park"" title=""South Park"">South Park</a></i>, and the 325th episode of the series overall. It premiered on <a href=""/wiki/Comedy_Central"" title=""Comedy Central"">Comedy Central</a> on March 29, 2023.<sup id=""cite_ref-springbreak_1-0"" class=""reference""><a href=""#cite_note-springbreak-1"">[1]</a></sup> The episode's plot centers upon fourth grade teacher <a href=""/wiki/Mr._Garrison"" title=""Mr. Garrison"">Mr. Garrison</a>, who ""falls into old habits"" as he returns to his previous persona of <a href=""/wiki/Mr._Garrison#Presidential_campaign,_presidency_and_post-presidency"" title=""Mr. Garrison"">President of the United States</a>.<sup id=""cite_ref-2"" class=""reference""><a href=""#cite_note-2"">[2]</a></sup> Meanwhile, <a href=""/wiki/Randy_and_Sharon_Marsh"" class=""mw-redirect"" title=""Randy and Sharon Marsh"">Randy Marsh</a> holds a raucous party at Tegridy Farms in an attempt to imprint ideas about masculinity upon his son, <a href=""/wiki/Stan_Marsh"" title=""Stan Marsh"">Stan</a>, and in doing so, recruits Alonzo Fineski, a sex trafficker modeled on <a href=""/wiki/Andrew_Tate"" title=""Andrew Tate"">Andrew Tate</a>.<sup id=""cite_ref-3"" class=""reference""><a href=""#cite_note-3"">[3]</a></sup>
</p>","['Stan', 'Randy', 'Tolkien', 'Sharon', 'Carol', 'Santa']"
https://en.wikipedia.org/wiki/Death_(South_Park),"<p>""<b>Death</b>"" is the sixth episode of the <a href=""/wiki/South_Park_season_1"" title=""South Park season 1"">first season</a> of the American animated television series <i><a href=""/wiki/South_Park"" title=""South Park"">South Park</a></i>. It first aired on <a href=""/wiki/Comedy_Central"" title=""Comedy Central"">Comedy Central</a> in the United States on September 17, 1997. In the episode, <a href=""/wiki/List_of_South_Park_families#Grampa_Marsh"" class=""mw-redirect"" title=""List of South Park families"">Grandpa Marvin</a> tries to convince <a href=""/wiki/Stan_Marsh"" title=""Stan Marsh"">Stan</a> to <a href=""/wiki/Assisted_suicide"" title=""Assisted suicide"">kill him</a>, while the parents of South Park protest the crude cartoon <i><a href=""/wiki/Terrance_and_Phillip"" class=""mw-redirect"" title=""Terrance and Phillip"">Terrance and Phillip</a></i>. <a href=""/wiki/Death_(personification)"" title=""Death (personification)"">Death</a> himself arrives to kill <a href=""/wiki/Kenny_McCormick"" title=""Kenny McCormick"">Kenny</a>, and presents a warning to Grandpa Marvin against forcing others to help him commit suicide.
</p>","['Stan', 'Kyle', 'Kenny', 'Gerald', 'Herbert', 'Terrance and Phillip', 'Sharon', 'Grandpa', 'Stuart', 'Carol', 'Big Gay Al', 'Jesus', 'Chef', 'Mr. Hankey', 'Sheila']"
https://en.wikipedia.org/wiki/Tweek_x_Craig,"<p>""<b>Tweek x Craig</b>"" is the sixth episode of the <a href=""/wiki/South_Park_season_19"" title=""South Park season 19"">nineteenth season</a> and the 263rd overall episode of the animated television series <i><a href=""/wiki/South_Park"" title=""South Park"">South Park</a></i>, written and directed by series co-creator <a href=""/wiki/Trey_Parker"" title=""Trey Parker"">Trey Parker</a>. The episode premiered on <a href=""/wiki/Comedy_Central"" title=""Comedy Central"">Comedy Central</a> on October 28, 2015.  The episode parodies the <a href=""/wiki/Slash_fiction"" title=""Slash fiction"">slash fiction</a> genre of <a href=""/wiki/Yaoi"" title=""Yaoi"">yaoi</a> art and the acceptance of the gay community, while continuing its season-long lampoon of <a href=""/wiki/Political_correctness"" title=""Political correctness"">political correctness</a>.
</p>","['Stan', 'Kyle', 'Eric', 'Randy', 'Wendy', 'Craig', 'Tweek', 'PC Principal', 'Sharon', 'Pete']"
https://en.wikipedia.org/wiki/Taming_Strange,"<p>""<b>Taming Strange</b>"" is the fifth episode in the <a href=""/wiki/South_Park_season_17"" title=""South Park season 17"">seventeenth season</a> of the American animated television series <i><a href=""/wiki/South_Park"" title=""South Park"">South Park</a></i>. The 242nd episode of the series overall, it premiered on <a href=""/wiki/Comedy_Central"" title=""Comedy Central"">Comedy Central</a> in the United States on October 30, 2013. This episode parodies <a href=""/wiki/Miley_Cyrus"" title=""Miley Cyrus"">Miley Cyrus</a>' controversial performance at the <a href=""/wiki/2013_MTV_Video_Music_Awards"" title=""2013 MTV Video Music Awards"">2013 MTV Video Music Awards</a> through the use of the children's television program <i><a href=""/wiki/Yo_Gabba_Gabba!"" title=""Yo Gabba Gabba!"">Yo Gabba Gabba!</a></i>, as well as the technical problems encountered during the launch of the <a href=""/wiki/HealthCare.gov"" title=""HealthCare.gov"">HealthCare.gov</a> website. The plot centers on <a href=""/wiki/Kyle_Broflovski"" title=""Kyle Broflovski"">Kyle</a> trying to bond with his baby brother <a href=""/wiki/Ike_Broflovski"" class=""mw-redirect"" title=""Ike Broflovski"">Ike</a>, who is experiencing <a href=""/wiki/Precocious_puberty"" title=""Precocious puberty"">early-onset puberty</a>.
</p>","['Kyle', 'Mr. Mackey', 'Ike']"
https://en.wikipedia.org/wiki/Tonsil_Trouble,"<p>""<b>Tonsil Trouble</b>"" is the first episode in the <a href=""/wiki/South_Park_season_12"" title=""South Park season 12"">twelfth season</a> of the American animated television series <i><a href=""/wiki/South_Park"" title=""South Park"">South Park</a></i>, and the 168th episode of the series overall. Written and directed by series co-creator <a href=""/wiki/Trey_Parker"" title=""Trey Parker"">Trey Parker</a>, it first aired on <a href=""/wiki/Comedy_Central"" title=""Comedy Central"">Comedy Central</a> in the United States on March 12, 2008.<sup id=""cite_ref-1"" class=""reference""><a href=""#cite_note-1"">[1]</a></sup> In the episode, <a href=""/wiki/Eric_Cartman"" title=""Eric Cartman"">Eric Cartman</a> contracts <a href=""/wiki/HIV"" title=""HIV"">HIV</a> due to a botched blood transfusion. When <a href=""/wiki/Kyle_Broflovski"" title=""Kyle Broflovski"">Kyle Broflovski</a> laughs at Cartman's misfortune, Cartman intentionally infects Kyle with his disease as well. The episode was rated <a href=""/wiki/TV-MA_L"" class=""mw-redirect"" title=""TV-MA L"">TV-MA L</a> for strong language in the United States. In reruns, it airs with the tamer rating TV-14. The episode is a satire on the new and effective <a href=""/wiki/HIV/AIDS"" title=""HIV/AIDS"">AIDS</a> treatments that are inaccessible to the majority of the population suffering from or carrying the disease.
</p>","['Kyle', 'Eric', 'Butters', 'Mr. Mackey', 'Jimmy', 'Michael', 'Pete', 'Sheila']"
https://en.wikipedia.org/wiki/Cartman%27s_Incredible_Gift,"<p>""<b>Cartman's Incredible Gift</b>"" is the 124th episode of the <a href=""/wiki/Comedy_Central"" title=""Comedy Central"">Comedy Central</a> series <i><a href=""/wiki/South_Park"" title=""South Park"">South Park</a></i>. It originally aired December 8, 2004 as part of the series' <a href=""/wiki/South_Park_season_8"" title=""South Park season 8"">eighth season</a>. In the episode, local police become convinced that <a href=""/wiki/Eric_Cartman"" title=""Eric Cartman"">Eric Cartman</a> has psychic abilities, which Cartman exploits for personal gain, much to the ire of <a href=""/wiki/Kyle_Broflovski"" title=""Kyle Broflovski"">Kyle Broflovski</a>, other <a href=""/wiki/Psychic_detectives"" class=""mw-redirect"" title=""Psychic detectives"">psychic detectives</a>, and the true <a href=""/wiki/Serial_killer"" title=""Serial killer"">serial killer</a> behind a series of murders that Cartman falsely attributes to others.
</p>","['Stan', 'Kyle', 'Eric', 'Kenny', 'Harrison', 'Michael']"
https://en.wikipedia.org/wiki/Dances_with_Smurfs,"<p>""<b>Dances with Smurfs</b>"" is the thirteenth episode of the <a href=""/wiki/South_Park_season_13"" title=""South Park season 13"">thirteenth season</a> of the American animated television series <i><a href=""/wiki/South_Park"" title=""South Park"">South Park</a></i>. The 194th overall episode of the series, it originally aired on <a href=""/wiki/Comedy_Central"" title=""Comedy Central"">Comedy Central</a> in the United States on November 11, 2009. In the episode, <a href=""/wiki/Eric_Cartman"" title=""Eric Cartman"">Eric Cartman</a> becomes the reader of the elementary school announcements, and starts making politically charged accusations against student body president <a href=""/wiki/Wendy_Testaburger"" title=""Wendy Testaburger"">Wendy Testaburger</a>. The episode was written and directed by series co-creator <a href=""/wiki/Trey_Parker"" title=""Trey Parker"">Trey Parker</a>, and was rated <a href=""/wiki/TV-MA"" class=""mw-redirect"" title=""TV-MA"">TV-MA</a> L in the United States.
</p>","['Stan', 'Eric', 'Butters', 'Mr. Mackey', 'Wendy', 'Carol']"
https://en.wikipedia.org/wiki/City_People,"<p>""<b>City People</b>"" is the third episode of the <a href=""/wiki/South_Park_season_25"" title=""South Park season 25"">twenty-fifth season</a> of the American animated television series <i><a href=""/wiki/South_Park"" title=""South Park"">South Park</a></i>. It is the 314th episode overall of the series, and premiered on <a href=""/wiki/Comedy_Central"" title=""Comedy Central"">Comedy Central</a> in the United States on February 16, 2022.<sup id=""cite_ref-1"" class=""reference""><a href=""#cite_note-1"">[1]</a></sup> The episode centers upon the reaction of the town of South Park to a mass migration from former city-dwellers, who are depicted with a pigeon-like clucking for staples of urban life, in a parody of <a href=""/wiki/Gentrification"" title=""Gentrification"">gentrification</a>, the series' first since the multi-episode storyline in <a href=""/wiki/South_Park_season_19"" title=""South Park season 19"">Season 19</a>.<sup id=""cite_ref-FlickeringMyth_2-0"" class=""reference""><a href=""#cite_note-FlickeringMyth-2"">[2]</a></sup>
</p>","['Eric', 'Liane', 'Tolkien', 'Lu Kim', 'Mayor']"
https://en.wikipedia.org/wiki/Naughty_Ninjas,"<p>""<b>Naughty Ninjas</b>"" is the seventh episode of the <a href=""/wiki/South_Park_season_19"" title=""South Park season 19"">nineteenth season</a> and the 264th overall episode of the animated television series <i><a href=""/wiki/South_Park"" title=""South Park"">South Park</a></i>, written and directed by series co-creator <a href=""/wiki/Trey_Parker"" title=""Trey Parker"">Trey Parker</a>. The episode premiered on <a href=""/wiki/Comedy_Central"" title=""Comedy Central"">Comedy Central</a> on November 11, 2015.  Continuing the season's theme of <a href=""/wiki/Political_correctness"" title=""Political correctness"">political correctness</a>, the plot primarily lampoons <a href=""/wiki/Police_brutality"" title=""Police brutality"">police brutality</a>.
</p>","['Kenny', 'Randy', 'Gerald', 'Tolkien', 'Craig', 'Tweek', 'PC Principal', 'Sharon', 'Stuart', 'Carol', 'Officer Barbrady', 'Mayor', 'Sheila']"
https://en.wikipedia.org/wiki/Coon_2:_Hindsight,"<p>""<b>Coon 2: Hindsight</b>"" (originally titled ""<b>The Coon 2: Rise of Captain Hindsight</b>"") is the eleventh episode of the <a href=""/wiki/South_Park_season_14"" title=""South Park season 14"">fourteenth season</a> of animated television series <i><a href=""/wiki/South_Park"" title=""South Park"">South Park</a></i>, and the 206th episode of the series overall. It is a sequel to the season 13 episode ""<a href=""/wiki/The_Coon"" title=""The Coon"">The Coon</a>"", and is the first part of a three-part story.
</p>","['Stan', 'Kyle', 'Eric', 'Kenny', 'Butters', 'Tolkien', 'Wendy', 'Clyde', 'Timmy', 'Sharon', 'Stephen', 'Darryl', 'Michael', 'Pete', 'Bradley']"
https://en.wikipedia.org/wiki/Damien_(South_Park),"<p>""<b>Damien</b>"" is the tenth episode of the <a href=""/wiki/South_Park_season_1"" title=""South Park season 1"">first season</a> of the American animated television series <i><a href=""/wiki/South_Park"" title=""South Park"">South Park</a></i>. It originally aired on <a href=""/wiki/Comedy_Central"" title=""Comedy Central"">Comedy Central</a> in the United States on February 4, 1998. In the episode, the boys' class is joined by a new student named <a href=""/wiki/List_of_students_at_South_Park_Elementary#Others"" class=""mw-redirect"" title=""List of students at South Park Elementary"">Damien</a>, who has been sent by his father <a href=""/wiki/Satan"" title=""Satan"">Satan</a> to find <a href=""/wiki/Jesus"" title=""Jesus"">Jesus</a> and arrange a boxing match between the two. The majority of South Park's residents bet on Satan to win the match due to his enormous size and muscular physique, but Satan ultimately throws the fight and reveals he bet on Jesus, thus winning everybody's money.
</p>","['Stan', 'Kyle', 'Eric', 'Kenny', 'Mr. Mackey', 'Jimbo', 'Big Gay Al', 'Jesus', 'Pip', 'Chef', 'Mr. Hankey', 'Satan', 'Michael']"
https://en.wikipedia.org/wiki/South_Park:_The_End_of_Obesity,"<p>""<b>South Park: The End of Obesity</b>"" is a 2024 American <a href=""/wiki/Adult_animation"" title=""Adult animation"">adult animated</a> <a href=""/wiki/Television_comedy"" title=""Television comedy"">comedy</a> <a href=""/wiki/Television_special"" title=""Television special"">television special</a> episode.<sup id=""cite_ref-collider_1-0"" class=""reference""><a href=""#cite_note-collider-1"">[1]</a></sup> It is the seventh <i><a href=""/wiki/South_Park"" title=""South Park"">South Park</a></i> television special,<sup id=""cite_ref-2"" class=""reference""><a href=""#cite_note-2"">[2]</a></sup>  and the 328th episode of the series overall. The special premiered on May 24, 2024, on <a href=""/wiki/Paramount%2B"" title=""Paramount+"">Paramount+</a>.<sup id=""cite_ref-3"" class=""reference""><a href=""#cite_note-3"">[3]</a></sup><sup id=""cite_ref-4"" class=""reference""><a href=""#cite_note-4"">[4]</a></sup>
</p>","['Stan', 'Kyle', 'Eric', 'Kenny', 'Butters', 'Randy', 'Gerald', 'Liane', 'Mr. Mackey', 'Jimmy', 'Tolkien', 'Wendy', 'Clyde', 'Craig', 'Timmy', 'Sharon', 'Carol', 'Mayor', 'Chef', 'Mr. Hankey', 'Sheila']"
https://en.wikipedia.org/wiki/Something_You_Can_Do_with_Your_Finger,"<p>""<b>Something You Can Do with Your Finger</b>"" is the eighth episode of the <a href=""/wiki/South_Park_season_4"" title=""South Park season 4"">fourth season</a> of the animated television series <i><a href=""/wiki/South_Park"" title=""South Park"">South Park</a></i>, and the 56th episode of the series overall. It is the 9th produced episode of Season 4. ""Something You Can Do with Your Finger"" originally aired in the <a href=""/wiki/United_States"" title=""United States"">United States</a> on <a href=""/wiki/Comedy_Central"" title=""Comedy Central"">Comedy Central</a> on July 12, 2000.
</p>","['Stan', 'Kyle', 'Eric', 'Kenny', 'Butters', 'Randy', 'Wendy', 'Timmy', 'Sharon', 'Pip', 'Chef']"
https://en.wikipedia.org/wiki/All_About_Mormons,"<p>""<b>All About Mormons</b>"", also known as ""<b>All About the Mormons?</b>"", is the 12th episode of the <a href=""/wiki/South_Park_season_7"" title=""South Park season 7"">seventh season</a> of the American animated television series <i><a href=""/wiki/South_Park"" title=""South Park"">South Park</a></i> and the 108th overall episode of the series. It was originally broadcast on <a href=""/wiki/Comedy_Central"" title=""Comedy Central"">Comedy Central</a> in the United States on November 19, 2003. The episode revolves around the religion and culture of <a href=""/wiki/Mormons"" title=""Mormons"">Mormons</a>, as a Mormon family moves to the town of South Park and influences the beliefs of the family of character <a href=""/wiki/Stan_Marsh"" title=""Stan Marsh"">Stan Marsh</a>. The story of <a href=""/wiki/Joseph_Smith"" title=""Joseph Smith"">Joseph Smith</a>'s founding of <a href=""/wiki/Mormonism"" title=""Mormonism"">Mormonism</a> and the origin of the <a href=""/wiki/Book_of_Mormon"" title=""Book of Mormon"">Book of Mormon</a> is told through a number of comedic 19th-century <a href=""/wiki/Flashback_(narrative)"" title=""Flashback (narrative)"">flashbacks</a>, with a musical narration.
</p>","['Stan', 'Kyle', 'Eric', 'Kenny', 'Randy', 'Sharon', 'Jesus', 'Harrison']"
https://en.wikipedia.org/wiki/South_ParQ_Vaccination_Special,"<p>""<b>South ParQ Vaccination Special</b>"" is the second and final episode of the <a href=""/wiki/South_Park_season_24"" title=""South Park season 24"">twenty-fourth season</a> of the American animated television series <i><a href=""/wiki/South_Park"" title=""South Park"">South Park</a></i>.<sup id=""cite_ref-7"" class=""reference""><a href=""#cite_note-7"">[b]</a></sup> The 309th episode overall of the series, it premiered on <a href=""/wiki/Comedy_Central"" title=""Comedy Central"">Comedy Central</a> in the United States on March 10, 2021.
</p>","['Stan', 'Kyle', 'Eric', 'Kenny', 'Gerald', 'Mr. Mackey', 'Sheila']"
https://en.wikipedia.org/wiki/Super_Fun_Time,"<p>""<b>Super Fun Time</b>"" is the seventh episode in the <a href=""/wiki/South_Park_season_12"" title=""South Park season 12"">twelfth season</a> of the American animated television series <i><a href=""/wiki/South_Park"" title=""South Park"">South Park</a></i>. The 174th episode of the series overall, it originally aired on Comedy Central in the United States on April 23, 2008.<sup id=""cite_ref-Press_Release_1-0"" class=""reference""><a href=""#cite_note-Press_Release-1"">[1]</a></sup><sup id=""cite_ref-Summer_Does_Not_Suck_2-0"" class=""reference""><a href=""#cite_note-Summer_Does_Not_Suck-2"">[2]</a></sup> In the episode, <a href=""/wiki/Eric_Cartman"" title=""Eric Cartman"">Cartman</a> and <a href=""/wiki/Butters_Stotch"" title=""Butters Stotch"">Butters</a> narrowly escape a horrific hostage situation at South Park's Pioneer Village, where historical reenactors take their jobs far too seriously.  The episode was rated <a href=""/wiki/TV-MA_L"" class=""mw-redirect"" title=""TV-MA L"">TV-MA-LV</a> for strong language and violence in the United States. This is the last South Park episode produced in 4:3, from the next episode and onward, all other episodes will be produced in 16:9.
</p>","['Stan', 'Kyle', 'Eric', 'Kenny', 'Butters', 'Jimmy', 'Wendy']"
https://en.wikipedia.org/wiki/Chinpokomon,"<p>""<b>Chinpokomon</b>"" is the eleventh-aired and the tenth-produced episode of the <a href=""/wiki/South_Park_season_3"" title=""South Park season 3"">third season</a> of the American animated television series <i><a href=""/wiki/South_Park"" title=""South Park"">South Park</a></i>. It originally aired on <a href=""/wiki/Comedy_Central"" title=""Comedy Central"">Comedy Central</a> in the United States on November 3, 1999, making it the 42nd episode of the series. During this episode, the kids become fascinated with the latest fad: a fictional <a href=""/wiki/Japan"" title=""Japan"">Japanese</a> <a href=""/wiki/Anime"" title=""Anime"">anime</a> series called <i>Chinpokomon</i> and its related products, such as video games and collectible toys. It is a parody of the popular <i><a href=""/wiki/Pok%C3%A9mon"" title=""Pokémon"">Pokémon</a></i> media franchise. ""Chinpokomon"" was written by <i>South Park</i> co-creator <a href=""/wiki/Trey_Parker"" title=""Trey Parker"">Trey Parker</a>, who also co-directed the episode together with animation director <a href=""/wiki/Eric_Stough"" title=""Eric Stough"">Eric Stough</a>. The episode was nominated for an <a href=""/wiki/Emmy_Award"" class=""mw-redirect"" title=""Emmy Award"">Emmy Award</a> in 2000.<sup id=""cite_ref-1"" class=""reference""><a href=""#cite_note-1"">[1]</a></sup>
</p>","['Stan', 'Kyle', 'Eric', 'Kenny', 'Gerald', 'Craig', 'Tweek', 'Jesus', 'Mr. Hankey', 'Sheila']"
https://en.wikipedia.org/wiki/Something_Wall-Mart_This_Way_Comes,"<p>""<b>Something Wall-Mart This Way Comes</b>"" is the ninth episode of the <a href=""/wiki/South_Park_season_8"" title=""South Park season 8"">eighth season</a> of the <a href=""/wiki/United_States"" title=""United States"">American</a> animated television series <i><a href=""/wiki/South_Park"" title=""South Park"">South Park</a></i>, and the 120th episode of the series overall. It originally aired on <a href=""/wiki/Comedy_Central"" title=""Comedy Central"">Comedy Central</a> in the <a href=""/wiki/United_States"" title=""United States"">United States</a> on November 3, 2004. In the episode, a <a href=""/wiki/Walmart"" title=""Walmart"">Wall-Mart</a> (used as a stand-in for Walmart) is built in South Park, and the people start to get <a href=""/wiki/Oniomania"" class=""mw-redirect"" title=""Oniomania"">addicted to shopping</a> from it, due to its irresistibly attractive bargains, thus leading many businesses in South Park to close down. The four boys have to fight against Wall-Mart and to find a way to stop it from taking over the entire town.
</p>","['Stan', 'Kyle', 'Eric', 'Kenny', 'Randy', 'Pete']"
https://en.wikipedia.org/wiki/D-Yikes!,"<p>""<b>D-Yikes!</b>"" is the sixth episode of the <a href=""/wiki/South_Park_season_11"" title=""South Park season 11"">eleventh season</a> and the 159th overall episode of the American animated sitcom <i><a href=""/wiki/South_Park"" title=""South Park"">South Park</a></i>. It first aired on <a href=""/wiki/Comedy_Central"" title=""Comedy Central"">Comedy Central</a> in the United States on April 11, 2007. In the episode, frustrated with men, Mrs. Garrison makes the boys write an essay on <i><a href=""/wiki/The_Old_Man_and_the_Sea"" title=""The Old Man and the Sea"">The Old Man and the Sea</a></i>. The boys hire Mexican day laborers to do the job for them, but they misinterpret the term ""essay."" Meanwhile, Mrs. Garrison has become a lesbian and finds the bar she hangs out in is about to be taken over by Persian club owners. Mrs. Garrison takes a stand in the name of saving the one place that lets her be the woman she is.
</p>",['Stan']
https://en.wikipedia.org/wiki/PC_Principal_Final_Justice,"<p>""<b>PC Principal Final Justice</b>"" (also known as ""<b>PC Principal</b>""<sup id=""cite_ref-1"" class=""reference""><a href=""#cite_note-1"">[1]</a></sup>) is the tenth and final episode of the <a href=""/wiki/South_Park_season_19"" title=""South Park season 19"">nineteenth season</a> and the 267th overall episode of the animated television series <i><a href=""/wiki/South_Park"" title=""South Park"">South Park</a></i>, written and directed by series co-creator <a href=""/wiki/Trey_Parker"" title=""Trey Parker"">Trey Parker</a>. The episode premiered on <a href=""/wiki/Comedy_Central"" title=""Comedy Central"">Comedy Central</a> on December 9, 2015.  It is the third and final part of a three-episode <a href=""/wiki/Story_arc"" title=""Story arc"">story arc</a> that began with the episode ""<a href=""/wiki/Sponsored_Content_(South_Park)"" title=""Sponsored Content (South Park)"">Sponsored Content</a>"" and continued in the episode ""<a href=""/wiki/Truth_and_Advertising"" title=""Truth and Advertising"">Truth and Advertising</a>"", which collectively serve as the season finale.  The episode parodies the abundance of <a href=""/wiki/Online_advertising"" title=""Online advertising"">online advertising</a>, as well as <a href=""/wiki/Gun_politics_in_the_United_States"" title=""Gun politics in the United States"">gun politics in the United States</a>, as part of its season-long lampoon of <a href=""/wiki/Political_correctness"" title=""Political correctness"">political correctness</a>.
</p>","['Stan', 'Kyle', 'Eric', 'Kenny', 'Butters', 'Randy', 'Liane', 'Mr. Mackey', 'Jimmy', 'Craig', 'Tweek', 'PC Principal', 'Sharon', 'Jimbo', 'Officer Barbrady', 'Nathan']"
https://en.wikipedia.org/wiki/Shots!!!,"<p>""<b>Shots!!!</b>"" is the third episode of the <a href=""/wiki/South_Park_season_23"" title=""South Park season 23"">twenty-third season</a> of the American animated television series <i><a href=""/wiki/South_Park"" title=""South Park"">South Park</a></i>. The 300th episode overall of the series, it premiered on <a href=""/wiki/Comedy_Central"" title=""Comedy Central"">Comedy Central</a> in the United States on October 9, 2019. In the episode, <a href=""/wiki/Randy_and_Sharon_Marsh"" class=""mw-redirect"" title=""Randy and Sharon Marsh"">Randy Marsh</a> revels in a milestone reached by his marijuana farm, much to the ire of his wife. Meanwhile, in a parody of the <a href=""/wiki/Antivaccine_movement"" class=""mw-redirect"" title=""Antivaccine movement"">antivaccine movement</a>, <a href=""/wiki/Eric_Cartman"" title=""Eric Cartman"">Eric Cartman</a>, <a href=""/wiki/Fear_of_needles"" title=""Fear of needles"">terrified of needles</a>, seeks to avoid a required immunization by citing fear that vaccines might make him ""artistic"", an <a href=""/wiki/Eggcorn"" title=""Eggcorn"">eggcorn</a> play on the word <a href=""/wiki/Vaccines_and_autism"" title=""Vaccines and autism"">autistic</a>, that is literally realized in the episode.<sup id=""cite_ref-1"" class=""reference""><a href=""#cite_note-1"">[1]</a></sup>
</p>","['Eric', 'Randy', 'Liane', 'Sharon', 'Towelie', 'Pete']"
https://en.wikipedia.org/wiki/Free_Willzyx,"<p>""<b>Free Willzyx</b>"" (<span class=""rt-commentedText nowrap""><span class=""IPA nopopups noexcerpt"" lang=""en-fonipa""><a href=""/wiki/Help:IPA/English"" title=""Help:IPA/English"">/<span style=""border-bottom:1px dotted""><span title=""/ˈ/: primary stress follows"">ˈ</span><span title=""'w' in 'wind'"">w</span><span title=""/ɪ/: 'i' in 'kit'"">ɪ</span><span title=""'l' in 'lie'"">l</span><span title=""'z' in 'zoom'"">z</span><span title=""/i/: 'y' in 'happy'"">i</span><span title=""/æ/: 'a' in 'bad'"">æ</span><span title=""'k' in 'kind'"">k</span></span>/</a></span></span> <a href=""/wiki/Help:Pronunciation_respelling_key"" title=""Help:Pronunciation respelling key""><i title=""English pronunciation respelling""><span style=""font-size:90%"">WIL</span>-zee-ak</i></a>) is the thirteenth episode in the <a href=""/wiki/South_Park_season_9"" title=""South Park season 9"">ninth season</a> of the American animated television series <i><a href=""/wiki/South_Park"" title=""South Park"">South Park</a></i>. The 138th overall episode, it originally aired on <a href=""/wiki/Comedy_Central"" title=""Comedy Central"">Comedy Central</a> in the United States on November 30, 2005. In the episode, which parodies the film <i><a href=""/wiki/Free_Willy"" title=""Free Willy"">Free Willy</a></i>, <a href=""/wiki/Kyle_Broflovski"" title=""Kyle Broflovski"">Kyle</a>, <a href=""/wiki/Stan_Marsh"" title=""Stan Marsh"">Stan</a>, <a href=""/wiki/Eric_Cartman"" title=""Eric Cartman"">Cartman</a> and <a href=""/wiki/Kenny_McCormick"" title=""Kenny McCormick"">Kenny</a> go to an <a href=""/wiki/Amusement_park"" title=""Amusement park"">amusement park</a>, where aquarium employees prank them into thinking the <a href=""/wiki/Orca"" title=""Orca"">orca</a> Jambu is telling them he needs to be sent back to the <a href=""/wiki/Moon"" title=""Moon"">Moon</a> where he truly belongs or else he will die; the prank backfires as the boys embark on a misguided mission to set him free.
</p>","['Stan', 'Kyle', 'Eric', 'Kenny', 'Butters', 'Jimmy', 'Tolkien', 'Clyde', 'Craig', 'Timmy', 'Tweek']"
https://en.wikipedia.org/wiki/Tegridy_Farms_Halloween_Special,"<p>""<b>Tegridy Farms Halloween Special</b>"" is the fifth episode of the <a href=""/wiki/South_Park_season_23"" title=""South Park season 23"">twenty-third season</a> of the American animated television series <i><a href=""/wiki/South_Park"" title=""South Park"">South Park</a></i>. The 302nd episode overall of the series, it premiered on <a href=""/wiki/Comedy_Central"" title=""Comedy Central"">Comedy Central</a> in the United States on October 30, 2019. The episode centers upon marijuana farmer <a href=""/wiki/Randy_and_Sharon_Marsh"" class=""mw-redirect"" title=""Randy and Sharon Marsh"">Randy Marsh</a>'s attempts to address his daughter <a href=""/wiki/Shelly_Marsh"" class=""mw-redirect"" title=""Shelly Marsh"">Shelly</a>'s ""marijuana problem"",<sup id=""cite_ref-OfficialPressRelease_1-0"" class=""reference""><a href=""#cite_note-OfficialPressRelease-1"">[1]</a></sup> which is tied into the issue of Randy's relationship with the Chinese government, a recurring storyline during the season.<sup id=""cite_ref-2"" class=""reference""><a href=""#cite_note-2"">[2]</a></sup> A subplot concerns a surprise that awaits <a href=""/wiki/Butters_Stotch"" title=""Butters Stotch"">Butters Stotch</a> after his visit to an exhibit of Egyptian artifacts at a Denver Museum.<sup id=""cite_ref-OfficialPressRelease_1-1"" class=""reference""><a href=""#cite_note-OfficialPressRelease-1"">[1]</a></sup>
</p>","['Butters', 'Randy', 'Mr. Mackey', 'Sharon', 'Towelie', 'Harrison']"
https://en.wikipedia.org/wiki/Members_Only_(South_Park),"<p>""<b>Members Only</b>"" is the eighth episode in the <a href=""/wiki/South_Park_season_20"" title=""South Park season 20"">twentieth season</a> of the American animated television series <i><a href=""/wiki/South_Park"" title=""South Park"">South Park</a></i>. The 275th episode of the series overall, it first aired on <a href=""/wiki/Comedy_Central"" title=""Comedy Central"">Comedy Central</a> in the United States on November 16, 2016.
</p>","['Kyle', 'Eric', 'Butters', 'Gerald', 'Heidi', 'PC Principal', 'Ike', 'Sheila']"
https://en.wikipedia.org/wiki/Bebe%27s_Boobs_Destroy_Society,"<p>""<b>Bebe's Boobs Destroy Society</b>"" is the tenth episode of the <a href=""/wiki/South_Park_season_6"" title=""South Park season 6"">sixth season</a> of  <i><a href=""/wiki/South_Park"" title=""South Park"">South Park</a></i>, originally aired on July 17, 2002. In the episode, <a href=""/wiki/Bebe_Stevens"" class=""mw-redirect"" title=""Bebe Stevens"">Bebe Stevens</a>'s breasts <a href=""/wiki/Breast_development"" title=""Breast development"">begin to develop</a>, and the boys are suddenly drawn to her even though they had no interest in her before. The episode focuses on and satirizes men's <a href=""/wiki/Breast_fetishism"" title=""Breast fetishism"">fascination over women's breasts</a>.
</p>","['Stan', 'Eric', 'Butters', 'Randy', 'Mr. Mackey', 'Wendy', 'Terrance and Phillip', 'Bebe', 'Pete']"
https://en.wikipedia.org/wiki/Follow_That_Egg!,"<p>""<b>Follow That Egg!</b>"" is the tenth episode in the <a href=""/wiki/South_Park_season_9"" title=""South Park season 9"">ninth season</a> of the American <a href=""/wiki/Animated_series"" title=""Animated series"">animated</a> <a href=""/wiki/Television_series"" class=""mw-redirect"" title=""Television series"">television series</a> <i><a href=""/wiki/South_Park"" title=""South Park"">South Park</a></i>. The 135th overall episode, it originally aired on <a href=""/wiki/Comedy_Central"" title=""Comedy Central"">Comedy Central</a> in the United States on November 2, 2005.
</p>","['Stan', 'Kyle', 'Eric', 'Randy', 'Wendy', 'Bebe', 'Sharon', 'Big Gay Al', 'Mr. Slave']"
https://en.wikipedia.org/wiki/White_People_Renovating_Houses,"<p>""<b>White People Renovating Houses</b>"" is the first episode in the <a href=""/wiki/South_Park_season_21"" title=""South Park season 21"">twenty-first season</a> of the American animated television series <i><a href=""/wiki/South_Park"" title=""South Park"">South Park</a></i>. It is the 278th episode of the series overall, and first aired on <a href=""/wiki/Comedy_Central"" title=""Comedy Central"">Comedy Central</a> in the United States on September 13, 2017.
</p>","['Eric', 'Randy', 'Heidi', 'Sharon', 'Darryl']"
https://en.wikipedia.org/wiki/Super_Best_Friends,"<p>""<b>Super Best Friends</b>"" is the third episode of the <a href=""/wiki/South_Park_season_5"" title=""South Park season 5"">fifth season</a> of the American animated television series <i><a href=""/wiki/South_Park"" title=""South Park"">South Park</a></i> and the 68th episode of the series overall. Going by production order, it is the 4th episode of Season 5 instead of the 3rd. It first aired on <a href=""/wiki/Comedy_Central"" title=""Comedy Central"">Comedy Central</a> in the United States on July 4, 2001. In the episode, <a href=""/wiki/Stan_Marsh"" title=""Stan Marsh"">Stan</a>, <a href=""/wiki/Kyle_Broflovski"" title=""Kyle Broflovski"">Kyle</a>, <a href=""/wiki/Eric_Cartman"" title=""Eric Cartman"">Cartman</a> and <a href=""/wiki/Kenny_McCormick"" title=""Kenny McCormick"">Kenny</a> discover the magician <a href=""/wiki/David_Blaine"" title=""David Blaine"">David Blaine</a> performing in South Park and decide to join his cult, the Blaintologists. Stan quickly finds out that the Blaintologists are not as nice as everyone thinks and tries to convince the other boys that they have been brainwashed. Teaming up with Jesus, Stan calls upon the Super Best Friends, a parody of the <a href=""/wiki/Super_Friends"" title=""Super Friends"">Super Friends</a>, to destroy Blaine and thwart the <a href=""/wiki/Mass_suicide"" title=""Mass suicide"">mass suicide</a> pact he has launched.
</p>","['Stan', 'Kyle', 'Eric', 'Kenny', 'Butters', 'Terrance and Phillip', 'Jesus', 'Scott', 'Towelie', 'Chef', 'Satan']"
https://en.wikipedia.org/wiki/Ginger_Cow,"<p>""<b>Ginger Cow</b>"" is the sixth episode in the <a href=""/wiki/South_Park_season_17"" title=""South Park season 17"">seventeenth season</a> of the American animated television series <i><a href=""/wiki/South_Park"" title=""South Park"">South Park</a></i>. The 243rd episode of the series overall, it first aired on <a href=""/wiki/Comedy_Central"" title=""Comedy Central"">Comedy Central</a> in the United States on November 6, 2013.<sup id=""cite_ref-NewsroomAmerica_1-0"" class=""reference""><a href=""#cite_note-NewsroomAmerica-1"">[1]</a></sup> In the episode, <a href=""/wiki/Eric_Cartman"" title=""Eric Cartman"">Cartman</a> modifies a cow to make it look like a <a href=""/wiki/Red_hair"" title=""Red hair"">ginger</a> as a joke. However, various religious groups see this as a prophecy being fulfilled and peace is brought to the Middle East.
</p>","['Stan', 'Kyle', 'Eric', 'Gerald', 'Mr. Mackey', 'Sheila']"
https://en.wikipedia.org/wiki/Pre-School_(South_Park),"<p>""<b>Preschool</b>"" is the tenth episode in the <a href=""/wiki/South_Park_season_8"" title=""South Park season 8"">eighth season</a> of the American animated television series <i><a href=""/wiki/South_Park"" title=""South Park"">South Park</a></i>. The 121st episode overall, it originally aired on <a href=""/wiki/Comedy_Central"" title=""Comedy Central"">Comedy Central</a> in the United States on November 10, 2004. In the episode, Trent Boyett, the boys' arch-enemy from <a href=""/wiki/Preschool"" title=""Preschool"">preschool</a>, is released from juvenile hall and seeks revenge after taking the blame for starting a fire that permanently disfigured their preschool teacher, Miss Claridge. Several plot elements reference the 1991 film <i><a href=""/wiki/Cape_Fear_(1991_film)"" title=""Cape Fear (1991 film)"">Cape Fear</a></i> as well as the <i><a href=""/wiki/Star_Trek:_The_Original_Series"" title=""Star Trek: The Original Series"">Star Trek</a></i> episode ""<a href=""/wiki/The_Menagerie_(Star_Trek:_The_Original_Series)"" title=""The Menagerie (Star Trek: The Original Series)"">The Menagerie</a>"".
</p>","['Stan', 'Kyle', 'Eric', 'Kenny', 'Butters', 'Liane', 'Sharon', 'Shelley', 'Stephen', 'Linda', 'Pete']"
https://en.wikipedia.org/wiki/An_Elephant_Makes_Love_to_a_Pig,"<p>""<b>An Elephant Makes Love to a Pig</b>"" is the fifth episode of the <a href=""/wiki/South_Park_season_1"" title=""South Park season 1"">first season</a> of the American animated television series <i><a href=""/wiki/South_Park"" title=""South Park"">South Park</a></i>. It first aired on <a href=""/wiki/Comedy_Central"" title=""Comedy Central"">Comedy Central</a> in the United States on September 10, 1997. In the episode, the boys of South Park try to force <a href=""/wiki/Kyle_Broflovski"" title=""Kyle Broflovski"">Kyle Broflovski</a>'s pet elephant to crossbreed with <a href=""/wiki/Eric_Cartman"" title=""Eric Cartman"">Eric Cartman</a>'s pet pig for a class project on <a href=""/wiki/Genetic_engineering"" title=""Genetic engineering"">genetic engineering</a>. Meanwhile, <a href=""/wiki/Stan_Marsh"" title=""Stan Marsh"">Stan Marsh</a> tries to deal with his elder sister <a href=""/wiki/List_of_South_Park_families#Shelly_Marsh"" class=""mw-redirect"" title=""List of South Park families"">Shelley</a>, who keeps beating him up.
</p>","['Stan', 'Kyle', 'Eric', 'Kenny', 'Randy', 'Gerald', 'Sharon', 'Shelley', 'Ike', 'Carol', 'Big Gay Al', 'Scott', 'Dr. Alphonse', 'Pip', 'Chef', 'Mr. Hankey', 'Sheila']"
https://en.wikipedia.org/wiki/Sexual_Healing_(South_Park),"<p>""<b>Sexual Healing</b>"" is the <a href=""/wiki/South_Park_season_14"" title=""South Park season 14"">fourteenth season</a> premiere of the American animated television series <i><a href=""/wiki/South_Park"" title=""South Park"">South Park</a></i>, and the 196th overall episode of the series. It originally aired on <a href=""/wiki/Comedy_Central"" title=""Comedy Central"">Comedy Central</a> in the United States on March 17, 2010. The title of the episode is derived from the <a href=""/wiki/Sexual_Healing"" title=""Sexual Healing"">song of the same name</a> by soul singer <a href=""/wiki/Marvin_Gaye"" title=""Marvin Gaye"">Marvin Gaye</a>. In the episode, the <a href=""/wiki/Tiger_Woods#Infidelity_scandal_and_fallout"" title=""Tiger Woods"">sex scandal</a> of <a href=""/wiki/Golf"" title=""Golf"">golf</a> pro <a href=""/wiki/Tiger_Woods"" title=""Tiger Woods"">Tiger Woods</a> has the media and public frantic to determine why rich and successful men would suddenly crave sex with multiple partners. Meanwhile, schools are <a href=""/wiki/Screening_(medicine)"" title=""Screening (medicine)"">screened</a> for the condition and <a href=""/wiki/Kyle_Broflovski"" title=""Kyle Broflovski"">Kyle</a>, <a href=""/wiki/Kenny_McCormick"" title=""Kenny McCormick"">Kenny</a>, and <a href=""/wiki/Butters_Stotch"" title=""Butters Stotch"">Butters</a> are diagnosed with <a href=""/wiki/Sexual_addiction"" title=""Sexual addiction"">sexual addiction</a>.
</p>","['Stan', 'Kyle', 'Eric', 'Kenny', 'Butters', 'Scott', 'Michael']"
https://en.wikipedia.org/wiki/Butterballs_(South_Park),"<p>""<b>Butterballs</b>"" is the fifth episode of the <a href=""/wiki/South_Park_season_16"" title=""South Park season 16"">sixteenth season</a> of the American animated sitcom <i><a href=""/wiki/South_Park"" title=""South Park"">South Park</a></i>, and the 228th episode of the series overall. It aired on <a href=""/wiki/Comedy_Central"" title=""Comedy Central"">Comedy Central</a> in the <a href=""/wiki/United_States"" title=""United States"">United States</a> on April 11, 2012.
</p>","['Stan', 'Kyle', 'Butters', 'Mr. Mackey', 'Jesus']"
https://en.wikipedia.org/wiki/You_Got_F%27d_in_the_A,"<p>""<b>You Got F'd in the A</b>""<sup id=""cite_ref-1"" class=""reference""><a href=""#cite_note-1"">[1]</a></sup>  (often retitled ""<b>You Got...</b>"" or ""<b>You Got Served</b>"" on television listings) is the fourth episode of the <a href=""/wiki/South_Park_season_8"" title=""South Park season 8"">eighth season</a> of the <a href=""/wiki/Comedy_Central"" title=""Comedy Central"">Comedy Central</a> series <i><a href=""/wiki/South_Park"" title=""South Park"">South Park</a></i>, and the 115th episode overall. Going by production order, it is the fifth episode of Season 8 instead of the fourth. Initially broadcast on April 7, 2004, the episode (and its title) is a satire of the movie <i><a href=""/wiki/You_Got_Served"" title=""You Got Served"">You Got Served</a></i>, which was released earlier that year.
</p>","['Stan', 'Butters', 'Randy', 'Sharon', 'Chef', 'Michael']"
https://en.wikipedia.org/wiki/Best_Friends_Forever_(South_Park),"<p>""<b>Best Friends Forever</b>"" is the fourth episode in the <a href=""/wiki/South_Park_season_9"" title=""South Park season 9"">ninth season</a> of the American animated television series <i><a href=""/wiki/South_Park"" title=""South Park"">South Park</a></i>. The 129th episode overall, it was written and directed by co-creator <a href=""/wiki/Trey_Parker"" title=""Trey Parker"">Trey Parker</a> and first aired on <a href=""/wiki/Comedy_Central"" title=""Comedy Central"">Comedy Central</a> in the United States on March 30, 2005. In the episode, <a href=""/wiki/Kenny_McCormick"" title=""Kenny McCormick"">Kenny</a> is <a href=""/wiki/Kenny%27s_deaths"" class=""mw-redirect"" title=""Kenny's deaths"">deliberately killed</a> by heaven's occupants after becoming master of the <a href=""/wiki/PlayStation_Portable"" title=""PlayStation Portable"">PSP</a> in order for him to save them. However, the town brings him back to life, leaving him in a <a href=""/wiki/Persistent_vegetative_state"" class=""mw-redirect"" title=""Persistent vegetative state"">persistent vegetative state</a>.
</p>","['Stan', 'Kyle', 'Eric', 'Kenny', 'Timmy', 'Karen', 'Satan']"
https://en.wikipedia.org/wiki/Woodland_Critter_Christmas,"<p>""<b>Woodland Critter Christmas</b>"" is the 125th episode of the <a href=""/wiki/Comedy_Central"" title=""Comedy Central"">Comedy Central</a> series <i><a href=""/wiki/South_Park"" title=""South Park"">South Park</a></i>. It originally aired on December 15, 2004.<sup id=""cite_ref-1"" class=""reference""><a href=""#cite_note-1"">[1]</a></sup> It was the last episode of the series to have a <a href=""/wiki/Christmas"" title=""Christmas"">Christmas</a> theme for ten years until 2014's ""<a href=""/wiki/HappyHolograms"" title=""HappyHolograms"">#HappyHolograms</a>"". This is also the last episode where <a href=""/wiki/Mr._Garrison"" title=""Mr. Garrison"">Mr. Garrison</a> presented as male until the season 12 episode ""<a href=""/wiki/Eek,_a_Penis!"" title=""Eek, a Penis!"">Eek, a Penis!</a>"".
</p>","['Stan', 'Kyle', 'Eric', 'Gerald', 'Santa', 'Mr. Hankey', 'Satan', 'Pete', 'Sheila']"
https://en.wikipedia.org/wiki/Probably_(South_Park),"<p>""<b>Probably</b>"" is the tenth episode of the <a href=""/wiki/South_Park_season_4"" title=""South Park season 4"">fourth season</a> of the animated television series <i><a href=""/wiki/South_Park"" title=""South Park"">South Park</a></i>, and the 58th episode of the series overall. It is also the 10th episode of Season 4 in production order respectively. ""Probably"" originally aired in the United States on July 26, 2000, on <a href=""/wiki/Comedy_Central"" title=""Comedy Central"">Comedy Central</a>. The episode was rated <a href=""/wiki/TV-MA"" class=""mw-redirect"" title=""TV-MA"">TV-MA</a>. It is the second part of a two-parter, which concludes the story-line from the previous episode, ""<a href=""/wiki/Do_the_Handicapped_Go_to_Hell%3F"" title=""Do the Handicapped Go to Hell?"">Do the Handicapped Go to Hell?</a>""
</p>","['Stan', 'Kyle', 'Eric', 'Kenny', 'Timmy', 'Jesus', 'Pip', 'Chef', 'Satan']"
https://en.wikipedia.org/wiki/Cripple_Fight,"<p>""<b>Cripple Fight</b>"" (also known as ""<b>Cripple Fight!</b>"") is the second episode of the <a href=""/wiki/South_Park_season_5"" title=""South Park season 5"">fifth season</a> of the animated television series <i><a href=""/wiki/South_Park"" title=""South Park"">South Park</a></i>, and the 67th episode of the series overall. Going by production order, it is the 3rd episode instead of the 2nd. It originally aired in the <a href=""/wiki/United_States"" title=""United States"">United States</a> on June 27, 2001. In the episode, the boys join a Mountain Scouts troop originally led by <a href=""/wiki/Big_Gay_Al"" class=""mw-redirect"" title=""Big Gay Al"">Big Gay Al</a>, who is fired due to his homosexuality. The episode is based on the <a href=""/wiki/Boy_Scouts_of_America_membership_controversies"" title=""Boy Scouts of America membership controversies"">controversy</a> over scoutmaster <a href=""/wiki/James_Dale_(activist)"" title=""James Dale (activist)"">James Dale</a> and the Supreme Court case <i><a href=""/wiki/Boy_Scouts_of_America_v._Dale"" title=""Boy Scouts of America v. Dale"">Boy Scouts of America v. Dale</a></i>.<sup id=""cite_ref-commentary_1-0"" class=""reference""><a href=""#cite_note-commentary-1"">[1]</a></sup> It also introduces the character <a href=""/wiki/Jimmy_Valmer"" title=""Jimmy Valmer"">Jimmy Valmer</a>, who would eventually become a series regular.
</p>","['Stan', 'Eric', 'Kenny', 'Butters', 'Jimmy', 'Terrance and Phillip', 'Timmy', 'Jimbo', 'Big Gay Al', 'Ned', 'Scott', 'Towelie', 'Pip']"
https://en.wikipedia.org/wiki/T.M.I._(South_Park),"<p>""<b>T.M.I.</b>"" is the fourth episode of the <a href=""/wiki/South_Park_season_15"" title=""South Park season 15"">fifteenth season</a> of the American animated television series <i><a href=""/wiki/South_Park"" title=""South Park"">South Park</a></i>, and the 213th episode of the series overall. ""T.M.I."" premiered in the <a href=""/wiki/United_States"" title=""United States"">United States</a> on <a href=""/wiki/Comedy_Central"" title=""Comedy Central"">Comedy Central</a> on May 18, 2011.<sup id=""cite_ref-1"" class=""reference""><a href=""#cite_note-1"">[1]</a></sup> The episode centers on <a href=""/wiki/Eric_Cartman"" title=""Eric Cartman"">Eric Cartman</a> being sent to an anger management class after he protests what he mistakenly believes to be the school's publicizing the male students' penis sizes. ""T.M.I."" was written and directed by series co-creator <a href=""/wiki/Trey_Parker"" title=""Trey Parker"">Trey Parker</a>, and was rated <a href=""/wiki/TV-MA"" class=""mw-redirect"" title=""TV-MA"">TV-MA</a>-L in the United States.
</p>","['Kyle', 'Eric', 'Butters', 'Randy', 'Sharon', 'Lu Kim', 'Chef', 'Michael']"
https://en.wikipedia.org/wiki/Jakovasaurs,"<p>""<b>Jakovasaurs</b>"" is the fourth episode of the <a href=""/wiki/South_Park_season_3"" title=""South Park season 3"">third season</a> of the American animated television series <i><a href=""/wiki/South_Park"" title=""South Park"">South Park</a></i>, and the 35th episode of the series overall. It parodies the <i><a href=""/wiki/Star_Wars"" title=""Star Wars"">Star Wars</a></i> character <a href=""/wiki/Jar_Jar_Binks"" title=""Jar Jar Binks"">Jar Jar Binks</a> from <i><a href=""/wiki/Star_Wars:_Episode_I_%E2%80%93_The_Phantom_Menace"" title=""Star Wars: Episode I – The Phantom Menace"">The Phantom Menace</a></i>, which had been released four weeks before the episode aired, and it expresses how ""betrayed"" Parker and Stone felt as <i>Star Wars</i> fans, by how ""stupid"" the character was.<sup id=""cite_ref-minicommentary_1-0"" class=""reference""><a href=""#cite_note-minicommentary-1"">[1]</a></sup> The episode originally aired on <a href=""/wiki/Comedy_Central"" title=""Comedy Central"">Comedy Central</a> on June 16, 1999.
</p>","['Stan', 'Kyle', 'Eric', 'Kenny', 'Craig', 'Tweek', 'Jimbo', 'Officer Barbrady', 'Ned', 'Jesus', 'Mr. Hankey']"
https://en.wikipedia.org/wiki/HumancentiPad,"<p>""<b>HumancentiPad</b>"", stylized as ""<b>HUMANCENTiPAD</b>"" (pronounced <span class=""rt-commentedText nowrap""><span class=""IPA nopopups noexcerpt"" lang=""en-fonipa""><a href=""/wiki/Help:IPA/English"" title=""Help:IPA/English"">/<span style=""border-bottom:1px dotted""><span title=""/ˌ/: secondary stress follows"">ˌ</span><span title=""'h' in 'hi'"">h</span><span title=""/j/: 'y' in 'yes'"">j</span><span title=""/uː/: 'oo' in 'goose'"">uː</span><span title=""'m' in 'my'"">m</span><span title=""/ən/: 'on' in 'button'"">ən</span><span title=""/ˈ/: primary stress follows"">ˈ</span><span title=""'s' in 'sigh'"">s</span><span title=""/ɛ/: 'e' in 'dress'"">ɛ</span><span title=""'n' in 'nigh'"">n</span><span title=""'t' in 'tie'"">t</span><span title=""/aɪ/: 'i' in 'tide'"">aɪ</span><span title=""/ˌ/: secondary stress follows"">ˌ</span><span title=""'p' in 'pie'"">p</span><span title=""/æ/: 'a' in 'bad'"">æ</span><span title=""'d' in 'dye'"">d</span></span>/</a></span></span>), is the first episode of the <a href=""/wiki/South_Park_season_15"" title=""South Park season 15"">fifteenth season</a> of the American animated television series <i><a href=""/wiki/South_Park"" title=""South Park"">South Park</a></i>, and the 210th episode of the series overall. It originally aired on <a href=""/wiki/Comedy_Central"" title=""Comedy Central"">Comedy Central</a> in the United States on April 27, 2011. In the episode, <a href=""/wiki/Kyle_Broflovski"" title=""Kyle Broflovski"">Kyle</a> is kidnapped after agreeing to an iTunes user agreement, and forced to become part of a ""revolutionary new product"" that is about to be launched by <a href=""/wiki/Apple_Inc."" title=""Apple Inc."">Apple</a>. Meanwhile, <a href=""/wiki/Eric_Cartman"" title=""Eric Cartman"">Cartman</a>, who has not acquired an Apple <a href=""/wiki/IPad"" title=""IPad"">iPad</a>, pesters his mother on the issue, drawing her ire.
</p>","['Stan', 'Kyle', 'Eric', 'Kenny', 'Butters', 'Gerald', 'Liane', 'Sheila']"
https://en.wikipedia.org/wiki/Season_Finale_(South_Park),"<p>""<b>Season Finale</b>"" is the sixth episode of the <a href=""/wiki/South_Park_season_23"" title=""South Park season 23"">twenty-third season</a> of the American animated television series <i><a href=""/wiki/South_Park"" title=""South Park"">South Park</a></i>. Despite its name, it is not an actual <a href=""/wiki/Season_finale"" title=""Season finale"">season finale</a>. The 303rd episode overall of the series, it premiered on <a href=""/wiki/Comedy_Central"" title=""Comedy Central"">Comedy Central</a> in the United States on November 6, 2019.<sup id=""cite_ref-OfficialPressRelease_1-0"" class=""reference""><a href=""#cite_note-OfficialPressRelease-1"">[1]</a></sup> The episode parodies <a href=""/wiki/Donald_Trump"" title=""Donald Trump"">Donald Trump</a>’s use of victimization tactics, as well as media <a href=""/wiki/Censorship_in_China"" title=""Censorship in China"">censorship in China</a>, <a href=""/wiki/U.S._Immigration_and_Customs_Enforcement#Detention_centers"" title=""U.S. Immigration and Customs Enforcement"">ICE detention centers</a> and the 2019 film <i><a href=""/wiki/Joker_(2019_film)#Commentary"" title=""Joker (2019 film)"">Joker</a></i>, continuing from previous episodes in the season.<sup id=""cite_ref-IGN_2-0"" class=""reference""><a href=""#cite_note-IGN-2"">[2]</a></sup>
</p>","['Stan', 'Eric', 'Randy', 'Herbert', 'Sharon', 'Father Maxi', 'Mayor', 'Towelie']"
https://en.wikipedia.org/wiki/Red_Man%27s_Greed,"<p>""<b>Red Man's Greed</b>"" is the seventh episode of the seventh season and the 103rd overall episode of the <a href=""/wiki/Comedy_Central"" title=""Comedy Central"">Comedy Central</a> series <i><a href=""/wiki/South_Park"" title=""South Park"">South Park</a></i>, first broadcast on April 30, 2003. It is a parody of the <a href=""/wiki/Indian_removal"" title=""Indian removal"">removal of several Native-American tribes from their lands</a> from 1830 to 1847, particularly with the tribe's <a href=""/wiki/Evil_laughter"" title=""Evil laughter"">evil</a> <a href=""/wiki/Chant"" title=""Chant"">chanting</a> laugh. The episode references the <a href=""/wiki/2002%E2%80%932004_SARS_outbreak"" title=""2002–2004 SARS outbreak"">2002–2004 SARS outbreak</a>, and features fan Alex Glick, who won a guest voice role in the episode in a contest.<sup id=""cite_ref-1"" class=""reference""><a href=""#cite_note-1"">[1]</a></sup><sup id=""cite_ref-2"" class=""reference""><a href=""#cite_note-2"">[2]</a></sup>
</p>","['Stan', 'Kyle', 'Kenny', 'Randy', 'Gerald', 'Sharon', 'Pete']"
https://en.wikipedia.org/wiki/Pajama_Day_(South_Park),"<p>""<b>Pajama Day</b>"" is the <a href=""/wiki/South_Park_season_25"" title=""South Park season 25"">twenty-fifth season</a> premiere of the American animated television series <i><a href=""/wiki/South_Park"" title=""South Park"">South Park</a></i>. The 312th episode overall of the series, it premiered on <a href=""/wiki/Comedy_Central"" title=""Comedy Central"">Comedy Central</a> in the United States on February 2, 2022,<sup id=""cite_ref-1"" class=""reference""><a href=""#cite_note-1"">[1]</a></sup> and was <a href=""/wiki/Simulcast"" title=""Simulcast"">simulcast</a> on <a href=""/wiki/Logo_TV"" title=""Logo TV"">Logo</a>, <a href=""/wiki/MTV"" title=""MTV"">MTV</a>, <a href=""/wiki/MTV2"" title=""MTV2"">MTV2</a>, <a href=""/wiki/Paramount_Network"" title=""Paramount Network"">Paramount Network</a>, <a href=""/wiki/Pop_(American_TV_channel)"" title=""Pop (American TV channel)"">Pop</a>, and <a href=""/wiki/TV_Land"" title=""TV Land"">TV Land</a>.<sup id=""cite_ref-2"" class=""reference""><a href=""#cite_note-2"">[2]</a></sup> It is the first <i>South Park</i> episode to air in its regular time slot since ""<a href=""/wiki/Christmas_Snow_(South_Park)"" title=""Christmas Snow (South Park)"">Christmas Snow</a>"", which premiered December 11, 2019.
</p>","['Butters', 'Mr. Mackey', 'Wendy', 'PC Principal', 'Harrison']"
https://en.wikipedia.org/wiki/Pandemic_2:_The_Startling,"<p>""<b>Pandemic 2: The Startling</b>"" is the eleventh episode in the <a href=""/wiki/South_Park_season_12"" title=""South Park season 12"">twelfth season</a> of the American animated television series <i><a href=""/wiki/South_Park"" title=""South Park"">South Park</a></i>.<sup id=""cite_ref-South_Park_Studios_1-0"" class=""reference""><a href=""#cite_note-South_Park_Studios-1"">[1]</a></sup> The 178th episode of the series overall, it originally aired on <a href=""/wiki/Comedy_Central"" title=""Comedy Central"">Comedy Central</a> in the <a href=""/wiki/United_States"" title=""United States"">United States</a> on October 29, 2008.
</p>","['Stan', 'Randy', 'Craig', 'Sharon', 'Shelley', 'Michael']"
https://en.wikipedia.org/wiki/Guitar_Queer-O,"<p>""<b>Guitar Queer-O</b>"" is the thirteenth episode of the <a href=""/wiki/South_Park_season_11"" title=""South Park season 11"">eleventh season</a> and the 166th overall episode of American animated television series <i><a href=""/wiki/South_Park"" title=""South Park"">South Park</a></i>, which first aired on <a href=""/wiki/Comedy_Central"" title=""Comedy Central"">Comedy Central</a> on November 7, 2007. The episode was rated <a href=""/wiki/TV-MA_L"" class=""mw-redirect"" title=""TV-MA L"">TV-MA L</a> in the United States. The episode parodies the <i><a href=""/wiki/Guitar_Hero"" title=""Guitar Hero"">Guitar Hero</a></i> video games, and aired ten days after the release of <i><a href=""/wiki/Guitar_Hero_III:_Legends_of_Rock"" title=""Guitar Hero III: Legends of Rock"">Guitar Hero III: Legends of Rock</a></i>.<sup id=""cite_ref-1"" class=""reference""><a href=""#cite_note-1"">[1]</a></sup>
</p>","['Stan', 'Kyle', 'Eric', 'Butters']"
https://en.wikipedia.org/wiki/Night_of_the_Living_Homeless,"<p>""<b>Night of the Living Homeless</b>"" is the seventh episode of the eleventh season of the American animated sitcom <i><a href=""/wiki/South_Park"" title=""South Park"">South Park</a></i>. It originally aired on April 18, 2007. This episode marks the end of the first half of the eleventh season, which continued on October 3, 2007. The episode is rated <a href=""/wiki/TV_Parental_Guidelines"" title=""TV Parental Guidelines"">TV-MA LV.</a> It parodies various <a href=""/wiki/Zombies_in_popular_culture"" class=""mw-redirect"" title=""Zombies in popular culture"">zombie movies</a>, in particular <a href=""/wiki/George_A._Romero"" title=""George A. Romero"">George A. Romero's</a> <i><a href=""/wiki/Night_of_the_Living_Dead"" title=""Night of the Living Dead"">Night of the Living Dead</a></i>, <i><a href=""/wiki/Dawn_of_the_Dead_(1978_film)"" title=""Dawn of the Dead (1978 film)"">Dawn of the Dead</a></i><sup id=""cite_ref-IGN_1-0"" class=""reference""><a href=""#cite_note-IGN-1"">[1]</a></sup> (including its <a href=""/wiki/Dawn_of_the_Dead_(2004_film)"" title=""Dawn of the Dead (2004 film)"">remake</a>), <i><a href=""/wiki/Day_of_the_Dead_(1985_film)"" title=""Day of the Dead (1985 film)"">Day of the Dead</a></i> and <i><a href=""/wiki/Land_of_the_Dead"" title=""Land of the Dead"">Land of the Dead</a></i>,<sup id=""cite_ref-TV_Squad_2-0"" class=""reference""><a href=""#cite_note-TV_Squad-2"">[2]</a></sup> plus <i><a href=""/wiki/Return_of_the_living_dead"" class=""mw-redirect"" title=""Return of the living dead"">Return of the Living Dead</a></i> (the homeless repeatedly utter ""change"" instead of ""brains""). The episode is also a <a href=""/wiki/Satire"" title=""Satire"">satire</a> and commentary on <a href=""/wiki/Discrimination_against_the_homeless"" class=""mw-redirect"" title=""Discrimination against the homeless"">how homeless people are often seen as ""degenerates to society""</a>.
</p>","['Stan', 'Kyle', 'Randy', 'Gerald', 'Sharon', 'Jimbo', 'Stephen', 'Linda', 'Sheila']"
https://en.wikipedia.org/wiki/A_Very_Crappy_Christmas,"<p>""<b>A Very Crappy Christmas</b>"" is the 17th and final episode of the <a href=""/wiki/South_Park_season_4"" title=""South Park season 4"">fourth season</a> of the animated television series <i><a href=""/wiki/South_Park"" title=""South Park"">South Park</a></i>, and the 65th episode overall. It first aired on <a href=""/wiki/Comedy_Central"" title=""Comedy Central"">Comedy Central</a> in the <a href=""/wiki/United_States"" title=""United States"">United States</a> on December 20, 2000. In the episode, <a href=""/wiki/Kyle_Broflovski"" title=""Kyle Broflovski"">Kyle</a> awaits <a href=""/wiki/Mr._Hankey"" class=""mw-redirect"" title=""Mr. Hankey"">Mr. Hankey</a> on <a href=""/wiki/Christmas"" title=""Christmas"">Christmas</a>, but he does not show up. To try to spread some Christmas cheer, Kyle and the boys decide to create their own animated special.
</p>","['Stan', 'Kyle', 'Eric', 'Kenny', 'Timmy', 'Jesus', 'Mayor', 'Santa', 'Pip', 'Chef', 'Mr. Hankey', 'Pete']"
https://en.wikipedia.org/wiki/Butt_Out,"<p>""<b>Butt Out</b>"" is the thirteenth episode of the <a href=""/wiki/South_Park_season_7"" title=""South Park season 7"">seventh season</a> of the American animated television series <i><a href=""/wiki/South_Park"" title=""South Park"">South Park</a></i>, and the 109th episode overall. It first aired on <a href=""/wiki/Comedy_Central"" title=""Comedy Central"">Comedy Central</a> in the United States on December 3, 2003.<sup id=""cite_ref-:0_1-1"" class=""reference""><a href=""#cite_note-:0-1"">[1]</a></sup>
</p>","['Stan', 'Kyle', 'Eric', 'Kenny', 'Butters', 'Mr. Mackey']"
https://en.wikipedia.org/wiki/A_Boy_and_a_Priest,"<p>""<b>A Boy and a Priest</b>"" is the second episode of the <a href=""/wiki/South_Park_season_22"" title=""South Park season 22"">twenty-second season</a> of the American animated television series <i><a href=""/wiki/South_Park"" title=""South Park"">South Park</a></i>. The 289th overall episode of the series, it aired on <a href=""/wiki/Comedy_Central"" title=""Comedy Central"">Comedy Central</a> in the United States on October 3, 2018.
</p>","['Stan', 'Butters', 'Randy', 'Mr. Mackey', 'Clyde', 'Sharon', 'Father Maxi']"
https://en.wikipedia.org/wiki/It%27s_Christmas_in_Canada,"<p>""<b>It's Christmas in Canada</b>"" (sometimes called ""<b>Christmas in Canada</b>"") is the fifteenth and final episode of the seventh season of the American <a href=""/wiki/Animated_series"" title=""Animated series"">animated series</a> <i><a href=""/wiki/South_Park"" title=""South Park"">South Park</a></i> and the 111th episode of the series. The episode originally aired on December 17, 2003 and was nominated for an <a href=""/wiki/Emmy_Award"" class=""mw-redirect"" title=""Emmy Award"">Emmy Award</a>.<sup class=""noprint Inline-Template Template-Fact"" style=""white-space:nowrap;"">[<i><a href=""/wiki/Wikipedia:Citation_needed"" title=""Wikipedia:Citation needed""><span title=""This claim needs references to reliable sources. (August 2008)"">citation needed</span></a></i>]</sup> The episode parodies the film <i><a href=""/wiki/The_Wizard_of_Oz_(1939_film)"" class=""mw-redirect"" title=""The Wizard of Oz (1939 film)"">The Wizard of Oz</a></i>.<sup id=""cite_ref-1"" class=""reference""><a href=""#cite_note-1"">[1]</a></sup>
</p>","['Stan', 'Kyle', 'Eric', 'Kenny', 'Ike', 'Lu Kim', 'Scott', 'Mr. Hankey', 'Pete']"
https://en.wikipedia.org/wiki/The_List_(South_Park),"<p>""<b>The List</b>"" is the fourteenth episode and season finale of <a href=""/wiki/South_Park_season_11"" title=""South Park season 11"">the eleventh season</a> of the American animated television series <i><a href=""/wiki/South_Park"" title=""South Park"">South Park</a></i>, and the 167th episode of the series overall.<sup id=""cite_ref-Epguide_1-0"" class=""reference""><a href=""#cite_note-Epguide-1"">[1]</a></sup><sup id=""cite_ref-CCpressrelease_2-0"" class=""reference""><a href=""#cite_note-CCpressrelease-2"">[2]</a></sup> It first aired on <a href=""/wiki/Comedy_Central"" title=""Comedy Central"">Comedy Central</a> in the United States on November 14, 2007.
</p>","['Stan', 'Kyle', 'Eric', 'Kenny', 'Butters', 'Wendy', 'Clyde', 'Bebe']"
https://en.wikipedia.org/wiki/Fourth_Grade_(South_Park),"<p><b>""Fourth Grade""</b> is the eleventh episode of the <a href=""/wiki/South_Park_season_4"" title=""South Park season 4"">fourth season</a> of the animated television series <i><a href=""/wiki/South_Park"" title=""South Park"">South Park</a></i>, and the 59th episode of the series overall. It first aired on November 8, 2000. Written by <a href=""/wiki/Trey_Parker"" title=""Trey Parker"">Trey Parker</a>, ""Fourth Grade"" focuses on the main characters' transition to the fourth grade, a change that would remain consistent in subsequent seasons.<sup id=""cite_ref-1"" class=""reference""><a href=""#cite_note-1"">[1]</a></sup> It is the episode in which the character Mr. Garrison, who had been <a href=""/wiki/Homophobia"" title=""Homophobia"">homophobic</a> in his rhetoric during the first few seasons, finally comes to terms with his own <a href=""/wiki/Homosexuality"" title=""Homosexuality"">homosexuality</a>.<sup id=""cite_ref-2"" class=""reference""><a href=""#cite_note-2"">[2]</a></sup><sup id=""cite_ref-3"" class=""reference""><a href=""#cite_note-3"">[3]</a></sup>
</p>","['Stan', 'Kyle', 'Eric', 'Kenny', 'Timmy']"
https://en.wikipedia.org/wiki/A_Scause_for_Applause,"<p>""<b>A Scause for Applause</b>"" is the thirteenth episode of the <a href=""/wiki/South_Park_season_16"" title=""South Park season 16"">sixteenth season</a> of the American animated sitcom <i><a href=""/wiki/South_Park"" title=""South Park"">South Park</a></i>, and the 236th episode of the series overall.
</p>","['Stan', 'Carol', 'Jesus']"
https://en.wikipedia.org/wiki/The_Problem_with_a_Poo,"<p>""<b>The Problem with a Poo</b>"" is the third episode of the <a href=""/wiki/South_Park_season_22"" title=""South Park season 22"">twenty-second season</a> of the American animated television series <i><a href=""/wiki/South_Park"" title=""South Park"">South Park</a></i>. The 290th overall episode of the series, it aired on <a href=""/wiki/Comedy_Central"" title=""Comedy Central"">Comedy Central</a> in the United States on October 10, 2018.
</p>","['Kyle', 'PC Principal', 'Strong Woman', 'Ned', 'Mayor', 'Santa', 'Mr. Hankey']"
https://en.wikipedia.org/wiki/Fatbeard,"<p>""<b>Fatbeard</b>"" is the seventh episode of the <a href=""/wiki/South_Park_season_13"" title=""South Park season 13"">thirteenth season</a> of the American animated television series <i><a href=""/wiki/South_Park"" title=""South Park"">South Park</a></i>. The 188th overall episode of the series, it originally aired on <a href=""/wiki/Comedy_Central"" title=""Comedy Central"">Comedy Central</a> in the United States on April 22, 2009. It was the mid-season finale, marking the final <i>South Park</i> episode for six months. In the episode, <a href=""/wiki/Eric_Cartman"" title=""Eric Cartman"">Cartman</a> misinterprets news reports about <a href=""/wiki/Piracy_in_Somalia"" class=""mw-redirect"" title=""Piracy in Somalia"">piracy in the Indian Ocean</a> to mean the return of the <a href=""/wiki/Golden_Age_of_Piracy"" title=""Golden Age of Piracy"">classic era</a> of swashbuckling <a href=""/wiki/Piracy"" title=""Piracy"">pirates</a>, and misleads a handful of South Park boys to voyage to <a href=""/wiki/Mogadishu"" title=""Mogadishu"">Mogadishu</a> to start a pirate crew.
</p>","['Kyle', 'Eric', 'Butters', 'Clyde', 'Ike', 'Scott', 'Pete', 'Nathan']"
https://en.wikipedia.org/wiki/Stunning_and_Brave,"<p>""<b>Stunning and Brave</b>"" is the first episode in the <a href=""/wiki/South_Park_season_19"" title=""South Park season 19"">nineteenth season</a> of the American animated television series <i><a href=""/wiki/South_Park"" title=""South Park"">South Park</a></i>. The 258th episode overall, it was written and directed by series co-creator <a href=""/wiki/Trey_Parker"" title=""Trey Parker"">Trey Parker</a>. The episode aired on <a href=""/wiki/Comedy_Central"" title=""Comedy Central"">Comedy Central</a> on September 16, 2015, and primarily parodies <a href=""/wiki/Social_justice_warrior"" title=""Social justice warrior"">social justice warriors</a> and <a href=""/wiki/Political_correctness"" title=""Political correctness"">political correctness</a> within society, with a focus on the acceptance and praise of <a href=""/wiki/Caitlyn_Jenner"" title=""Caitlyn Jenner"">Caitlyn Jenner</a>. The episode also lampoons <a href=""/wiki/Tom_Brady"" title=""Tom Brady"">Tom Brady</a> and the <a href=""/wiki/Deflategate"" title=""Deflategate"">Deflategate</a> scandal.
</p>","['Stan', 'Kyle', 'Eric', 'Kenny', 'Butters', 'Randy', 'Gerald', 'Mr. Mackey', 'Craig', 'Tweek', 'PC Principal', 'Sharon', 'Stuart', 'Carol', 'Sheila']"
https://en.wikipedia.org/wiki/Jared_Has_Aides,"<p>""<b>Jared Has Aides</b>"" is the first episode of the <a href=""/wiki/South_Park_season_6"" title=""South Park season 6"">sixth season</a> of the adult American <a href=""/wiki/Cartoon_series"" class=""mw-redirect"" title=""Cartoon series"">animated</a> <a href=""/wiki/Television_series"" class=""mw-redirect"" title=""Television series"">television series</a> <i><a href=""/wiki/South_Park"" title=""South Park"">South Park</a></i>, and the 80th episode of the series overall. It first aired on <a href=""/wiki/Comedy_Central"" title=""Comedy Central"">Comedy Central</a> in the <a href=""/wiki/United_States"" title=""United States"">United States</a> on March 6, 2002. In the episode, weight loss advocate and <a href=""/wiki/Subway_(restaurant)"" title=""Subway (restaurant)"">Subway</a> spokesman <a href=""/wiki/Jared_Fogle"" title=""Jared Fogle"">Jared Fogle</a> incurs the wrath of South Park after he announces that he lost weight because he has <a href=""/wiki/Personal_assistant"" title=""Personal assistant"">aides</a> (misinterpreted as <a href=""/wiki/AIDS"" class=""mw-redirect"" title=""AIDS"">AIDS</a>). This leads <a href=""/wiki/Eric_Cartman"" title=""Eric Cartman"">Cartman</a>, <a href=""/wiki/Kyle_Broflovski"" title=""Kyle Broflovski"">Kyle</a> and <a href=""/wiki/Stan_Marsh"" title=""Stan Marsh"">Stan</a> to try to use <a href=""/wiki/Butters_Stotch"" title=""Butters Stotch"">Butters</a> as their own advocate for City Wok. The episode also parodies the film <i><a href=""/wiki/Philadelphia_(film)"" title=""Philadelphia (film)"">Philadelphia</a></i>.
</p>","['Stan', 'Kyle', 'Eric', 'Butters', 'Terrance and Phillip', 'Bebe', 'Pete']"
https://en.wikipedia.org/wiki/Quintuplets_2000,"<p>""<b>Quintuplets 2000</b>"" (also known as ""<b>Contorting Quintuplets 2000</b>"" in some syndicated markets and ""<b>Quintuplets</b>"" on the South Park Studios website) is the fourth episode of the <a href=""/wiki/South_Park_season_4"" title=""South Park season 4"">fourth season</a> of the American animated television series <i><a href=""/wiki/South_Park"" title=""South Park"">South Park</a></i>, and the 52nd episode of the series overall. In production order, this is the 3rd episode of Season 4. It was originally broadcast on April 26, 2000. The episode is based on the <a href=""/wiki/Dionne_quintuplets"" title=""Dionne quintuplets"">Dionne quintuplets</a> and the then-recent <a href=""/wiki/Eli%C3%A1n_Gonz%C3%A1lez"" title=""Elián González"">Elián González</a> affair, the case of a Cuban-born child who had been <a href=""/wiki/Eli%C3%A1n_Gonz%C3%A1lez#Taken_by_federal_authorities"" title=""Elián González"">taken by federal authorities</a> four days before the episode aired.<sup id=""cite_ref-1"" class=""reference""><a href=""#cite_note-1"">[1]</a></sup><sup id=""cite_ref-2"" class=""reference""><a href=""#cite_note-2"">[2]</a></sup><sup id=""cite_ref-3"" class=""reference""><a href=""#cite_note-3"">[3]</a></sup>
</p>","['Stan', 'Kyle', 'Eric', 'Kenny', 'Randy', 'Timmy', 'Grandpa', 'Pip', 'Chef']"
https://en.wikipedia.org/wiki/Poor_and_Stupid,"<p>""<b>Poor and Stupid</b>"" is the eighth episode and mid-season premiere of the <a href=""/wiki/South_Park_season_14"" title=""South Park season 14"">fourteenth season</a> of the American animated television series <i><a href=""/wiki/South_Park"" title=""South Park"">South Park</a></i>, and the 203rd overall episode of the series. It aired on <a href=""/wiki/Comedy_Central"" title=""Comedy Central"">Comedy Central</a> in the United States on October 6, 2010. In the episode, <a href=""/wiki/Eric_Cartman"" title=""Eric Cartman"">Cartman</a> wants to become a <a href=""/wiki/NASCAR"" title=""NASCAR"">NASCAR</a> racer, but he feels that he cannot because he is not ""poor and stupid enough"" to fulfill his dream. After some experiments, his dream comes true, and he receives his own race car after his consumption of <a href=""/wiki/Vagisil"" title=""Vagisil"">Vagisil</a> brings massive attention to the product, much to the dismay of his friend <a href=""/wiki/Kenny_McCormick"" title=""Kenny McCormick"">Kenny</a>, who tries to stop Cartman from giving his favorite event a bad reputation.
</p>","['Stan', 'Kyle', 'Eric', 'Kenny', 'Butters']"
https://en.wikipedia.org/wiki/Goobacks,"<p>""<b>Goobacks</b>"" is the seventh episode of the eighth season of the animated television series <i><a href=""/wiki/South_Park"" title=""South Park"">South Park</a></i>, and the 118th overall episode of the series. In production order it is the season's sixth episode. It originally aired on <a href=""/wiki/Comedy_Central"" title=""Comedy Central"">Comedy Central</a> in the United States on April 28, 2004.
</p>","['Stan', 'Kyle', 'Eric', 'Kenny', 'Randy', 'Sharon', 'Jimbo', 'Darryl', 'Pete']"
https://en.wikipedia.org/wiki/Freemium_Isn%27t_Free,"<p>""<b>Freemium Isn't Free</b>"" is the sixth episode in the <a href=""/wiki/South_Park_season_18"" title=""South Park season 18"">eighteenth season</a> of the American animated television series <i><a href=""/wiki/South_Park"" title=""South Park"">South Park</a></i>. The 253rd episode overall, it was written and directed by series co-creator and co-star <a href=""/wiki/Trey_Parker"" title=""Trey Parker"">Trey Parker</a>. The episode premiered on <a href=""/wiki/Comedy_Central"" title=""Comedy Central"">Comedy Central</a> in the United States on November 5, 2014. The episode lampoons the popularity of <a href=""/wiki/Freemium"" title=""Freemium"">freemium</a> mobile apps made by other adult animated series such as <i><a href=""/wiki/The_Simpsons:_Tapped_Out"" title=""The Simpsons: Tapped Out"">The Simpsons: Tapped Out</a></i><sup id=""cite_ref-Crave_Online_1-0"" class=""reference""><a href=""#cite_note-Crave_Online-1"">[1]</a></sup><sup id=""cite_ref-DVD_commentary_2-0"" class=""reference""><a href=""#cite_note-DVD_commentary-2"">[2]</a></sup> and <i><a href=""/wiki/Family_Guy:_The_Quest_for_Stuff"" title=""Family Guy: The Quest for Stuff"">Family Guy: The Quest for Stuff</a></i>.<sup id=""cite_ref-DVD_commentary_2-1"" class=""reference""><a href=""#cite_note-DVD_commentary-2"">[2]</a></sup><sup id=""cite_ref-polygon.com_3-0"" class=""reference""><a href=""#cite_note-polygon.com-3"">[3]</a></sup> The episode links <a href=""/wiki/Addiction"" title=""Addiction"">addiction</a> to freemium games to other addictions, including <a href=""/wiki/Alcoholism"" title=""Alcoholism"">alcoholism</a> and <a href=""/wiki/Gambling_addiction"" class=""mw-redirect"" title=""Gambling addiction"">gambling addiction</a>, and their possible genetic predisposition. The episode was nominated for the <a href=""/wiki/Primetime_Emmy_Award_for_Outstanding_Animated_Program"" title=""Primetime Emmy Award for Outstanding Animated Program"">Primetime Emmy Award for Outstanding Animated Program</a> at the <a href=""/wiki/67th_Primetime_Emmy_Awards"" title=""67th Primetime Emmy Awards"">67th Primetime Emmy Awards</a>.
</p>","['Stan', 'Kyle', 'Eric', 'Kenny', 'Randy', 'Jimmy', 'Terrance and Phillip', 'Sharon', 'Satan']"
https://en.wikipedia.org/wiki/A_History_Channel_Thanksgiving,"<p>""<b>A History Channel Thanksgiving</b>"" is the thirteenth episode of the <a href=""/wiki/South_Park_season_15"" title=""South Park season 15"">fifteenth season</a> of the American animated television series <i><a href=""/wiki/South_Park"" title=""South Park"">South Park</a></i>, and the 222nd episode overall. It first aired on <a href=""/wiki/Comedy_Central"" title=""Comedy Central"">Comedy Central</a> in the <a href=""/wiki/United_States"" title=""United States"">United States</a> on November 9, 2011. In the episode, the boys accidentally uncover the true origins of <a href=""/wiki/Thanksgiving_(United_States)"" title=""Thanksgiving (United States)"">Thanksgiving</a> after watching a <a href=""/wiki/History_(U.S._TV_network)"" class=""mw-redirect"" title=""History (U.S. TV network)"">History Channel</a> documentary alleging that <a href=""/wiki/Extraterrestrial_life"" title=""Extraterrestrial life"">aliens</a> were present at the original harvest feast in 1621. It parodies the television series <i><a href=""/wiki/Ancient_Aliens"" title=""Ancient Aliens"">Ancient Aliens</a></i>, the 2011 film <i><a href=""/wiki/Thor_(film)"" title=""Thor (film)"">Thor</a></i> and <a href=""/wiki/For-profit_colleges"" class=""mw-redirect"" title=""For-profit colleges"">for-profit colleges</a>.<sup id=""cite_ref-KainForbes_1-0"" class=""reference""><a href=""#cite_note-KainForbes-1"">[1]</a></sup>
</p>","['Stan', 'Kyle', 'Eric', 'Kenny']"
https://en.wikipedia.org/wiki/Grounded_Vindaloop,"<p>""<b>Grounded Vindaloop</b>"" is the seventh episode in the <a href=""/wiki/South_Park_season_18"" title=""South Park season 18"">eighteenth season</a> of the American animated television series <i><a href=""/wiki/South_Park"" title=""South Park"">South Park</a></i>. The 254th episode overall, it was written and directed by series co-creator and co-star <a href=""/wiki/Trey_Parker"" title=""Trey Parker"">Trey Parker</a>. The episode premiered on <a href=""/wiki/Comedy_Central"" title=""Comedy Central"">Comedy Central</a> in the United States on November 12, 2014. The episode lampoons <a href=""/wiki/Virtual_reality_headset"" title=""Virtual reality headset"">virtual reality headsets</a> including the <a href=""/wiki/Oculus_Rift"" title=""Oculus Rift"">Oculus Rift</a> using various science-fiction movie references, and customer service <a href=""/wiki/Call_center"" class=""mw-redirect"" title=""Call center"">call centers</a>.
</p>","['Stan', 'Kyle', 'Eric', 'Kenny', 'Butters', 'Liane', 'Stephen', 'Linda']"
https://en.wikipedia.org/wiki/Miss_Teacher_Bangs_a_Boy,"<p>""<b>Miss Teacher Bangs a Boy</b>"" is the tenth episode in the <a href=""/wiki/South_Park_season_10"" title=""South Park season 10"">tenth season</a> of the American animated television series <i><a href=""/wiki/South_Park"" title=""South Park"">South Park</a></i>. The 149th episode of the series overall, it originally aired on <a href=""/wiki/Comedy_Central"" title=""Comedy Central"">Comedy Central</a> in the <a href=""/wiki/United_States"" title=""United States"">United States</a> October 18, 2006. In the episode, <a href=""/wiki/Eric_Cartman"" title=""Eric Cartman"">Cartman</a> is appointed to the post of school hallway monitor at South Park Elementary, and takes it personally when an infraction is committed in his jurisdiction. Meanwhile, <a href=""/wiki/Kyle_Broflovski"" title=""Kyle Broflovski"">Kyle</a> discovers that his little brother <a href=""/wiki/List_of_South_Park_families#Ike_Broflovski"" class=""mw-redirect"" title=""List of South Park families"">Ike</a> is in a romantic relationship with his kindergarten teacher Miss Stevenson. Kyle and Cartman team up to put a stop to the inappropriate behavior. Written and directed by series co-creator <a href=""/wiki/Trey_Parker"" title=""Trey Parker"">Trey Parker</a>, the episode features a parody of the television series <i><a href=""/wiki/Dog_the_Bounty_Hunter"" title=""Dog the Bounty Hunter"">Dog the Bounty Hunter</a></i>.
</p>","['Stan', 'Kyle', 'Eric', 'Ike', 'Chef']"
https://en.wikipedia.org/wiki/Chickenlover,"<p>""<b>Chickenlover</b>"" is the fourth episode of the <a href=""/wiki/South_Park_season_2"" title=""South Park season 2"">second season</a> of the American animated television series <i><a href=""/wiki/South_Park"" title=""South Park"">South Park</a></i>. The 17th episode of the series overall, it originally aired on <a href=""/wiki/Comedy_Central"" title=""Comedy Central"">Comedy Central</a> in the United States on May 27, 1998. It marks the first appearance of <a href=""/wiki/Stephen_Stotch"" class=""mw-redirect"" title=""Stephen Stotch"">Stephen Stotch</a>, who is <a href=""/wiki/Butters_Stotch"" title=""Butters Stotch"">Butters Stotch</a>’s father in later seasons, as well as a more finalised design for <a href=""/wiki/Randy_Marsh_(South_Park)"" title=""Randy Marsh (South Park)"">Randy Marsh</a>. The episode was written by series co-creators <a href=""/wiki/Trey_Parker"" title=""Trey Parker"">Trey Parker</a> and <a href=""/wiki/Matt_Stone"" title=""Matt Stone"">Matt Stone</a>, along with David R. Goodman, and directed by Parker. In the episode, <a href=""/wiki/List_of_recurring_South_Park_characters#Officer_Barbrady"" class=""mw-redirect"" title=""List of recurring South Park characters"">Officer Barbrady</a> resigns as South Park's only police officer because of his illiteracy. Anarchy ensues, just as chickens are mysteriously being molested across South Park. Barbrady enlists the help of the boys to learn to read and discover who is molesting the chickens. <a href=""/wiki/Eric_Cartman"" title=""Eric Cartman"">Cartman</a>, meanwhile, masquerades as a police officer.
</p>","['Stan', 'Kyle', 'Eric', 'Kenny', 'Butters', 'Randy', 'Terrance and Phillip', 'Ike', 'Stephen', 'Officer Barbrady', 'Chef']"
https://en.wikipedia.org/wiki/Cartman_Joins_NAMBLA,"<p>""<b>Cartman Joins NAMBLA</b>"" is the fifth episode of the <a href=""/wiki/South_Park_season_4"" title=""South Park season 4"">fourth season</a> of the animated television series <i><a href=""/wiki/South_Park"" title=""South Park"">South Park</a></i>, and the 53rd episode of the series overall. Going by production order, it is the 5th episode of Season 4.<sup id=""cite_ref-imdb_1-0"" class=""reference""><a href=""#cite_note-imdb-1"">[1]</a></sup> It originally aired in the United States on June 21, 2000, on <a href=""/wiki/Comedy_Central"" title=""Comedy Central"">Comedy Central</a>.
</p>","['Stan', 'Kyle', 'Eric', 'Kenny', 'Butters', 'Timmy', 'Stuart', 'Carol', 'Pip', 'Chef']"
https://en.wikipedia.org/wiki/The_Tale_of_Scrotie_McBoogerballs,"<p>""<b>The Tale of Scrotie McBoogerballs</b>"" is the second episode of the <a href=""/wiki/South_Park_season_14"" title=""South Park season 14"">fourteenth season</a> of the American animated television series <i><a href=""/wiki/South_Park"" title=""South Park"">South Park</a></i>, and the 197th overall episode of the series. It originally aired on <a href=""/wiki/Comedy_Central"" title=""Comedy Central"">Comedy Central</a> in the United States on March 24, 2010. The plot centers upon a prank book manuscript anonymously written by fourth grade classmates <a href=""/wiki/Kyle_Broflovski"" title=""Kyle Broflovski"">Kyle</a>, <a href=""/wiki/Stan_Marsh"" title=""Stan Marsh"">Stan</a>, <a href=""/wiki/Kenny_McCormick"" title=""Kenny McCormick"">Kenny</a>, and <a href=""/wiki/Eric_Cartman"" title=""Eric Cartman"">Cartman</a>, whose vulgar content nauseates all who read it, but who also laud it as a masterpiece. The prank backfires when classmate <a href=""/wiki/Butters_Stotch"" title=""Butters Stotch"">Butters</a>, whom the boys convinced is the actual author of the book, is hailed a literary genius, and the book is analyzed for profound subtext that the boys never intended.
</p>","['Stan', 'Kyle', 'Eric', 'Kenny', 'Butters', 'Randy', 'Sharon']"
https://en.wikipedia.org/wiki/1%25_(South_Park),"<p>""<b>1%</b>"" is the twelfth episode of the <a href=""/wiki/South_Park_season_15"" title=""South Park season 15"">fifteenth season</a> of the American animated television series <i><a href=""/wiki/South_Park"" title=""South Park"">South Park</a></i>, and the 221st episode overall. It first aired on <a href=""/wiki/Comedy_Central"" title=""Comedy Central"">Comedy Central</a> in the <a href=""/wiki/United_States"" title=""United States"">United States</a> on November 2, 2011. In the episode, <a href=""/wiki/Eric_Cartman"" title=""Eric Cartman"">Cartman</a> feels persecuted after he is blamed for causing his school to attain a low score on a national fitness test. As he confides in his sapient stuffed animals, they end up becoming targeted for mutilation.
</p>","['Stan', 'Kyle', 'Eric', 'Kenny', 'Butters', 'Liane', 'Jimmy', 'Tolkien', 'Clyde', 'Craig', 'Michael', 'Pete']"
https://en.wikipedia.org/wiki/Mr._Hankey%27s_Christmas_Classics,"<p>""<b>Mr. Hankey's Christmas Classics</b>"" is the fifteenth episode of the <a href=""/wiki/South_Park_season_3"" title=""South Park season 3"">third season</a> of the animated television series <i><a href=""/wiki/South_Park"" title=""South Park"">South Park</a></i> and the 46th episode of the series overall. <a href=""/wiki/Mr._Hankey%27s_Christmas_Classics_(album)"" class=""mw-redirect"" title=""Mr. Hankey's Christmas Classics (album)"">An album</a> of the same name consisting of versions of songs from the show as well as a number of additional songs was released the week prior to the episode's original air date, December 1, 1999.
</p>","['Stan', 'Kyle', 'Eric', 'Kenny', 'Randy', 'Gerald', 'Herbert', 'Mr. Mackey', 'Jimmy', 'Wendy', 'Craig', 'Timmy', 'Tweek', 'Sharon', 'Shelley', 'Ike', 'Carol', 'Jesus', 'Santa', 'Chef', 'Mr. Hankey', 'Satan', 'Michael', 'Pete', 'Sheila']"
https://en.wikipedia.org/wiki/Dead_Kids_(South_Park),"<p>""<b>Dead Kids</b>"" is the first episode in the <a href=""/wiki/South_Park_season_22"" title=""South Park season 22"">twenty-second season</a> of the American animated television series <i><a href=""/wiki/South_Park"" title=""South Park"">South Park</a></i>. It is the 288th episode of the series overall, and first aired on <a href=""/wiki/Comedy_Central"" title=""Comedy Central"">Comedy Central</a> in the United States on September 26, 2018.<sup id=""cite_ref-1"" class=""reference""><a href=""#cite_note-1"">[1]</a></sup>
</p>","['Stan', 'Eric', 'Randy', 'Jimmy', 'Tolkien', 'Sharon', 'Carol', 'Santa']"
https://en.wikipedia.org/wiki/Cow_Days,"<p>""<b>Cow Days</b>"" is the thirteenth episode of the <a href=""/wiki/South_Park_season_2"" title=""South Park season 2"">second season</a> of the American animated television series <i><a href=""/wiki/South_Park"" title=""South Park"">South Park</a></i>. The 26th episode of the series overall, it originally aired on <a href=""/wiki/Comedy_Central"" title=""Comedy Central"">Comedy Central</a> in the United States on September 30, 1998. The episode was written by series co-creator <a href=""/wiki/Trey_Parker"" title=""Trey Parker"">Trey Parker</a>, along with David Goodman, and directed by Parker. <a href=""/wiki/Dian_Bachar"" title=""Dian Bachar"">Dian Bachar</a> makes a guest appearance. In the episode, the town of South Park holds a festival known as ""Cow Days"".<sup id=""cite_ref-1"" class=""reference""><a href=""#cite_note-1"">[1]</a></sup>
</p>","['Stan', 'Kyle', 'Eric', 'Kenny', 'Terrance and Phillip', 'Ike', 'Officer Barbrady', 'Chef']"
https://en.wikipedia.org/wiki/Fat_Butt_and_Pancake_Head,"<p>""<b>Fat Butt and Pancake Head</b>"" (also known as ""<b>Jennifer-Lopez-Mania</b>"") is the fifth episode of the seventh season and the 101st overall episode of the <a href=""/wiki/Comedy_Central"" title=""Comedy Central"">Comedy Central</a> series <i><a href=""/wiki/South_Park"" title=""South Park"">South Park</a></i>. It was originally broadcast on April 16, 2003.
</p>","['Stan', 'Kyle', 'Eric', 'Kenny']"
https://en.wikipedia.org/wiki/Cancelled_(South_Park),"<p>""<b>Cancelled</b>"" (also known as ""<b>Cartman Gets an Anal Probe Redux</b>"") is the first episode of the <a href=""/wiki/South_Park_season_7"" title=""South Park season 7"">seventh season</a> of the American animated television series <i><a href=""/wiki/South_Park"" title=""South Park"">South Park</a></i>, and it is the 97th episode of the series overall. It first aired on <a href=""/wiki/Comedy_Central"" title=""Comedy Central"">Comedy Central</a> on March 19, 2003. Going by production order, this is the 4th episode of Season 7.
</p>","['Stan', 'Kyle', 'Eric', 'Kenny', 'Randy', 'Sharon', 'Ike', 'Chef', 'Pete']"
https://en.wikipedia.org/wiki/Tegridy_Farms,"<p>""<b>Tegridy Farms</b>"" is the fourth episode of the <a href=""/wiki/South_Park_season_22"" title=""South Park season 22"">twenty-second season</a> of the American animated television series <i><a href=""/wiki/South_Park"" title=""South Park"">South Park</a></i>. The 291st overall episode of the series, it aired on <a href=""/wiki/Comedy_Central"" title=""Comedy Central"">Comedy Central</a> in the United States on October 17, 2018.
</p>","['Stan', 'Kyle', 'Eric', 'Kenny', 'Butters', 'Randy', 'Mr. Mackey', 'Sharon', 'Ike', 'Towelie']"
https://en.wikipedia.org/wiki/Breast_Cancer_Show_Ever,"<p>""<b>Breast Cancer Show Ever</b>"" is the ninth episode in the <a href=""/wiki/South_Park_season_12"" title=""South Park season 12"">twelfth season</a> of the American animated television series <i><a href=""/wiki/South_Park"" title=""South Park"">South Park</a></i>, and the 176th episode of the series overall. It originally aired on <a href=""/wiki/Comedy_Central"" title=""Comedy Central"">Comedy Central</a> in the <a href=""/wiki/United_States"" title=""United States"">United States</a> on October 15, 2008.<sup id=""cite_ref-1"" class=""reference""><a href=""#cite_note-1"">[1]</a></sup><sup id=""cite_ref-2"" class=""reference""><a href=""#cite_note-2"">[2]</a></sup> The episode was written and directed by series co-creator <a href=""/wiki/Trey_Parker"" title=""Trey Parker"">Trey Parker</a>. In the episode, <a href=""/wiki/Eric_Cartman"" title=""Eric Cartman"">Eric Cartman</a>'s disrespectful behavior puts him on the wrong side of <a href=""/wiki/Wendy_Testaburger"" title=""Wendy Testaburger"">Wendy Testaburger</a> when he mocks her presentation on <a href=""/wiki/Breast_cancer_awareness"" title=""Breast cancer awareness"">breast cancer awareness</a>, which leads to Wendy threatening to beat him up after school. The episode was rated <a href=""/wiki/TV-MA_L"" class=""mw-redirect"" title=""TV-MA L"">TV-MA L</a> in the United States.
</p>","['Stan', 'Eric', 'Butters', 'Jimmy', 'Wendy', 'Craig', 'Bebe']"
https://en.wikipedia.org/wiki/Truth_and_Advertising,"<p>""<b>Truth and Advertising</b>"" is the ninth episode of the <a href=""/wiki/South_Park_season_19"" title=""South Park season 19"">nineteenth season</a> and the 266th overall episode of the animated television series <i><a href=""/wiki/South_Park"" title=""South Park"">South Park</a></i>, written and directed by series co-creator <a href=""/wiki/Trey_Parker"" title=""Trey Parker"">Trey Parker</a>. It is the second part of a three-episode <a href=""/wiki/Story_arc"" title=""Story arc"">story arc</a> which began with the previous episode ""<a href=""/wiki/Sponsored_Content_(South_Park)"" title=""Sponsored Content (South Park)"">Sponsored Content</a>"" and concludes with the following episode ""<a href=""/wiki/PC_Principal_Final_Justice"" title=""PC Principal Final Justice"">PC Principal Final Justice</a>"" that together serve as the season finale. It premiered on <a href=""/wiki/Comedy_Central"" title=""Comedy Central"">Comedy Central</a> on December 2, 2015.  Like the previous episode, this episode continues to parody the abundance of <a href=""/wiki/Online_advertising"" title=""Online advertising"">online advertising</a> while continuing its season-long lampoon of <a href=""/wiki/Political_correctness"" title=""Political correctness"">political correctness</a>.
</p>","['Stan', 'Kyle', 'Kenny', 'Butters', 'Randy', 'Mr. Mackey', 'Jimmy', 'Craig', 'Tweek', 'PC Principal', 'Sharon', 'Officer Barbrady', 'Nathan']"
https://en.wikipedia.org/wiki/Cartman_Gets_an_Anal_Probe,"<p>""<b>Cartman Gets an Anal Probe</b>"" is the <a href=""/wiki/Series_premiere"" title=""Series premiere"">series premiere</a> of the American animated television series <i><a href=""/wiki/South_Park"" title=""South Park"">South Park</a></i>. It originally aired on <a href=""/wiki/Comedy_Central"" title=""Comedy Central"">Comedy Central</a> in the United States on August 13, 1997. The episode introduces child protagonists <a href=""/wiki/Eric_Cartman"" title=""Eric Cartman"">Eric Cartman</a>, <a href=""/wiki/Kyle_Broflovski"" title=""Kyle Broflovski"">Kyle Broflovski</a>, <a href=""/wiki/Stan_Marsh"" title=""Stan Marsh"">Stanley ""Stan"" Marsh</a> and <a href=""/wiki/Kenny_McCormick"" title=""Kenny McCormick"">Kenneth ""Kenny"" McCormick</a>, who attempt to rescue Kyle's adopted brother <a href=""/wiki/Ike_Broflovski"" class=""mw-redirect"" title=""Ike Broflovski"">Ike</a> from being <a href=""/wiki/Alien_abduction"" title=""Alien abduction"">abducted by aliens</a>.
</p>","['Stan', 'Kyle', 'Eric', 'Kenny', 'Wendy', 'Ike', 'Stephen', 'Big Gay Al', 'Jesus', 'Santa', 'Pip', 'Chef', 'Mr. Hankey', 'Pete']"
https://en.wikipedia.org/wiki/Terrance_and_Phillip:_Behind_the_Blow,"<p>""<b>Terrance and Phillip: Behind the Blow</b>"" is the fifth episode of the <a href=""/wiki/South_Park_season_5"" title=""South Park season 5"">fifth season</a> of the animated television series <i><a href=""/wiki/South_Park"" title=""South Park"">South Park</a></i>, and the 70th episode of the series overall. ""Terrance and Phillip: Behind the Blow"" originally aired on July 18, 2001 on <a href=""/wiki/Comedy_Central"" title=""Comedy Central"">Comedy Central</a>. In the episode, the four boys learn that their idols, Terrance and Phillip, have split over credit issues. They try to get them back together in time for an upcoming festival, or else face death at the hands of a trio of unhinged environmental activists. The show <i>Behind the Blow</i> is a parody of the <a href=""/wiki/VH1"" title=""VH1"">VH1</a> TV Show <i><a href=""/wiki/Behind_the_Music"" title=""Behind the Music"">Behind the Music</a></i>. The show also parodies <a href=""/wiki/Earth_Day"" title=""Earth Day"">Earth Day</a>, portraying it as a ""brainwashing festival.""<sup id=""cite_ref-1"" class=""reference""><a href=""#cite_note-1"">[1]</a></sup>
</p>","['Stan', 'Kyle', 'Eric', 'Kenny', 'Butters', 'Terrance and Phillip', 'Scott', 'Towelie']"
https://en.wikipedia.org/wiki/A_Ladder_to_Heaven,"<p>""<b>A Ladder to Heaven</b>"" is the 12th episode of the <a href=""/wiki/South_Park_season_6"" title=""South Park season 6"">sixth season</a> and the 91st overall episode of the <a href=""/wiki/Comedy_Central"" title=""Comedy Central"">Comedy Central</a> series <i><a href=""/wiki/South_Park"" title=""South Park"">South Park</a></i>. It was originally broadcast on November 6, 2002.
</p>","['Stan', 'Kyle', 'Eric', 'Kenny', 'Terrance and Phillip', 'Bebe', 'Satan', 'Pete']"
https://en.wikipedia.org/wiki/The_Return_of_the_Fellowship_of_the_Ring_to_the_Two_Towers,"<p>""<b>The Return of the Fellowship of the Ring to the Two Towers</b>"" is the thirteenth episode of the <a href=""/wiki/South_Park_season_6"" title=""South Park season 6"">sixth season</a> of the American animated television series <i><a href=""/wiki/South_Park"" title=""South Park"">South Park</a></i>, and the 92nd overall episode of the series. It originally aired on <a href=""/wiki/Comedy_Central"" title=""Comedy Central"">Comedy Central</a> in the United States on November 13, 2002. In the episode, the boys dress up and play as characters from <a href=""/wiki/The_Lord_of_the_Rings_(film_series)"" title=""The Lord of the Rings (film series)""><i>The Lord of the Rings</i> film series</a>, with several events and characters substituted into the narrative. They extend their game into a ""quest"" to return a copy of the film to a local video store. Meanwhile, the adults have accidentally switched the tape with a <a href=""/wiki/Pornographic_film"" title=""Pornographic film"">pornographic film</a>.
</p>","['Stan', 'Kyle', 'Eric', 'Kenny', 'Butters', 'Randy', 'Jimmy', 'Tolkien', 'Clyde', 'Craig', 'Terrance and Phillip', 'Bebe', 'Sharon', 'Stephen', 'Linda']"
https://en.wikipedia.org/wiki/Grey_Dawn_(South_Park),"<p>""<b>Grey Dawn</b>"" is the tenth episode in the <a href=""/wiki/South_Park_season_7"" title=""South Park season 7"">seventh season</a> and the 106th overall episode of the animated television series <i><a href=""/wiki/South_Park"" title=""South Park"">South Park</a></i>. It originally aired on <a href=""/wiki/Comedy_Central"" title=""Comedy Central"">Comedy Central</a> in the United States on November 5, 2003. This episode tackles the issue of <a href=""/wiki/Old_age_and_driving"" title=""Old age and driving"">elderly drivers</a>, and mocks the <a href=""/wiki/AARP"" title=""AARP"">AARP</a> for their staunch opposition to re-testing elderly drivers, claiming the proposal as <a href=""/wiki/Ageism"" title=""Ageism"">age discrimination</a>.
</p>","['Stan', 'Kyle', 'Randy', 'Grandpa', 'Officer Barbrady', 'Father Maxi', 'Santa', 'Pete']"
"https://en.wikipedia.org/wiki/Oh,_Jeez","<p>""<b>Oh, Jeez</b>"" is the seventh episode in the <a href=""/wiki/South_Park_season_20"" title=""South Park season 20"">twentieth season</a> of the American animated television series <i><a href=""/wiki/South_Park"" title=""South Park"">South Park</a></i>. The 274th episode of the series overall, it first aired on <a href=""/wiki/Comedy_Central"" title=""Comedy Central"">Comedy Central</a> in the United States on November 9, 2016. The episode lampooned the result of <a href=""/wiki/2016_United_States_presidential_election"" title=""2016 United States presidential election"">the 2016 United States presidential election</a> the night before this episode was aired, in which <a href=""/wiki/Donald_Trump"" title=""Donald Trump"">Donald Trump</a> defeated <a href=""/wiki/Hillary_Clinton"" title=""Hillary Clinton"">Hillary Clinton</a>.
</p>","['Stan', 'Eric', 'Butters', 'Randy', 'Gerald', 'Wendy', 'Heidi', 'PC Principal', 'Sharon', 'Sheila']"
https://en.wikipedia.org/wiki/With_Apologies_to_Jesse_Jackson,"<p>""<b>With Apologies to Jesse Jackson</b>"" is the <a href=""/wiki/South_Park_season_11"" title=""South Park season 11"">eleventh season</a> premiere of the American animated television series <i><a href=""/wiki/South_Park"" title=""South Park"">South Park</a></i>, and the 154th overall episode of the series. It first aired on <a href=""/wiki/Comedy_Central"" title=""Comedy Central"">Comedy Central</a> in the United States on March 7, 2007, and was rated <a href=""/wiki/TV-MA-L"" class=""mw-redirect"" title=""TV-MA-L"">TV-MA-L</a>. In the episode, <a href=""/wiki/Randy_Marsh_(South_Park)"" title=""Randy Marsh (South Park)"">Randy</a> says the word <i><a href=""/wiki/Niggers"" class=""mw-redirect"" title=""Niggers"">niggers</a></i> on the real-life game show <i><a href=""/wiki/Wheel_of_Fortune_(U.S._game_show)"" class=""mw-redirect"" title=""Wheel of Fortune (U.S. game show)"">Wheel of Fortune</a></i>, leading to widespread public outrage. <a href=""/wiki/Stan_Marsh"" title=""Stan Marsh"">Stan</a> attempts to understand the epithet's impact on his black friend <a href=""/wiki/Tolkien_Black"" title=""Tolkien Black"">Tolkien</a>. Meanwhile, a man with <a href=""/wiki/Dwarfism"" title=""Dwarfism"">dwarfism</a> has a hard time trying to teach <a href=""/wiki/Eric_Cartman"" title=""Eric Cartman"">Cartman</a> to be sensitive.
</p>","['Stan', 'Kyle', 'Eric', 'Butters', 'Randy', 'Mr. Mackey', 'Tolkien', 'Sharon', 'Michael']"
https://en.wikipedia.org/wiki/Butters%27_Very_Own_Episode,"<p>""<b>Butters' Very Own Episode</b>"" is the fourteenth and final episode of the <a href=""/wiki/South_Park_season_5"" title=""South Park season 5"">fifth season</a> of the animated television series <i><a href=""/wiki/South_Park"" title=""South Park"">South Park</a></i>, and the 79th episode of the series overall. ""Butters' Very Own Episode"" originally aired in the <a href=""/wiki/United_States"" title=""United States"">United States</a> on <a href=""/wiki/Comedy_Central"" title=""Comedy Central"">Comedy Central</a> on December 12, 2001. In the episode, <a href=""/wiki/Butters_Stotch"" title=""Butters Stotch"">Butters Stotch</a> survives a <a href=""/wiki/Murder_attempt"" class=""mw-redirect"" title=""Murder attempt"">murder attempt</a> by his own mother after discovering his father's homosexual dalliances and must travel back to South Park in time for his parents' <a href=""/wiki/Wedding_anniversary"" title=""Wedding anniversary"">wedding anniversary</a> at <a href=""/wiki/Bennigan%27s"" title=""Bennigan's"">Bennigan's</a>. Meanwhile, <a href=""/wiki/List_of_South_Park_families#Stephen_and_Linda_Stotch"" class=""mw-redirect"" title=""List of South Park families"">Butters' parents</a> join <a href=""/wiki/John_Bennett_Ramsey"" title=""John Bennett Ramsey"">John</a> and <a href=""/wiki/Patsy_Ramsey"" title=""Patsy Ramsey"">Patsy Ramsey</a>, <a href=""/wiki/Gary_Condit"" title=""Gary Condit"">Gary Condit</a>,  and <a href=""/wiki/O._J._Simpson"" title=""O. J. Simpson"">O. J. Simpson</a> in lying to the press about who murdered Butters.
</p>","['Stan', 'Kyle', 'Eric', 'Kenny', 'Butters', 'Terrance and Phillip', 'Stephen', 'Linda', 'Scott', 'Towelie']"
"https://en.wikipedia.org/wiki/Eek,_a_Penis!","<p>""<b>Eek, a Penis!</b>"" is the fifth episode in the <a href=""/wiki/South_Park_season_12"" title=""South Park season 12"">twelfth season</a> of the American animated series <i><a href=""/wiki/South_Park"" title=""South Park"">South Park</a></i>.<sup id=""cite_ref-Comedy_Central_Press_Release_1-0"" class=""reference""><a href=""#cite_note-Comedy_Central_Press_Release-1"">[1]</a></sup> The 172nd episode of the series overall, it originally aired on <a href=""/wiki/Comedy_Central"" title=""Comedy Central"">Comedy Central</a> in the <a href=""/wiki/United_States"" title=""United States"">United States</a> on April 9, 2008. In the episode, <a href=""/wiki/Mr._Garrison"" title=""Mr. Garrison"">Mrs. Garrison</a> seeks to become a man again through the help of a new medical procedure. The subplot focuses on <a href=""/wiki/Eric_Cartman"" title=""Eric Cartman"">Cartman</a>'s attempt to teach struggling inner-city school children how to succeed by cheating. This plot is a parody of the 1988 film <i><a href=""/wiki/Stand_and_Deliver"" title=""Stand and Deliver"">Stand and Deliver</a></i>, with Eric Cartman playing a role similar to that of <a href=""/wiki/Jaime_Escalante"" title=""Jaime Escalante"">Jaime Escalante</a>. The episode was rated <a href=""/wiki/TV-MA_L"" class=""mw-redirect"" title=""TV-MA L"">TV-MA L</a> for strong language in the United States.
</p>","['Stan', 'Kyle', 'Eric']"
https://en.wikipedia.org/wiki/Whale_Whores,"<p>""<b>Whale Whores</b>"" is the eleventh episode of the <a href=""/wiki/South_Park_season_13"" title=""South Park season 13"">thirteenth season</a> of the American animated television series <i><a href=""/wiki/South_Park"" title=""South Park"">South Park</a></i>. The 192nd overall episode of the series, it aired on <a href=""/wiki/Comedy_Central"" title=""Comedy Central"">Comedy Central</a> in the United States on October 28, 2009. In the episode, <a href=""/wiki/Stan_Marsh"" title=""Stan Marsh"">Stan</a> joins an anti-whaling crew in order to save dolphins and whales from <a href=""/wiki/Whaling_in_Japan"" title=""Whaling in Japan"">Japanese whalers</a>.
</p>","['Stan', 'Kyle', 'Eric', 'Kenny', 'Butters', 'Randy', 'Michael']"
https://en.wikipedia.org/wiki/Go_Fund_Yourself,"<p>""<b>Go Fund Yourself</b>"" is the first episode in the <a href=""/wiki/South_Park_season_18"" title=""South Park season 18"">eighteenth season</a> of the American animated television series <i><a href=""/wiki/South_Park"" title=""South Park"">South Park</a></i>. The 248th episode of the series overall, it was written and directed by series co-creator <a href=""/wiki/Trey_Parker"" title=""Trey Parker"">Trey Parker</a>. The episode premiered on <a href=""/wiki/Comedy_Central"" title=""Comedy Central"">Comedy Central</a> in the United States on September 24, 2014. In the episode, <a href=""/wiki/Stan_Marsh"" title=""Stan Marsh"">Stan</a>, <a href=""/wiki/Kyle_Broflovski"" title=""Kyle Broflovski"">Kyle</a>, <a href=""/wiki/Eric_Cartman"" title=""Eric Cartman"">Cartman</a>, <a href=""/wiki/Kenny_McCormick"" title=""Kenny McCormick"">Kenny</a>, and <a href=""/wiki/Butters_Stotch"" title=""Butters Stotch"">Butters</a> decide to create a <a href=""/wiki/Startup_company"" title=""Startup company"">startup company</a> funded through <a href=""/wiki/Kickstarter"" title=""Kickstarter"">Kickstarter</a> so that they never have to work again. While choosing a name, they realize that the <a href=""/wiki/Washington_Commanders"" title=""Washington Commanders"">Washington Redskins</a> <a href=""/wiki/American_football"" title=""American football"">American football</a> team has <a href=""/wiki/Washington_Redskins_trademark_dispute"" title=""Washington Redskins trademark dispute"">lost its trademark</a><sup id=""cite_ref-uspto_1-0"" class=""reference""><a href=""#cite_note-uspto-1"">[1]</a></sup> on ""<a href=""/wiki/Redskin"" title=""Redskin"">Redskins</a>"" because it is <a href=""/wiki/Washington_Redskins_name_controversy"" title=""Washington Redskins name controversy"">racially disparaging to Native Americans</a>, so they decide to use that name for their company. The new company receives enough money for the boys to live luxuriously without doing any work, until the football team destroys Kickstarter's servers during a raid, preventing the boys from accessing their startup company page and receiving their money.
</p>","['Stan', 'Kyle', 'Eric', 'Kenny', 'Butters', 'Pete']"
https://en.wikipedia.org/wiki/Butters%27_Bottom_Bitch,"<p>""<b>Butters' Bottom Bitch</b>"" is the ninth episode of the <a href=""/wiki/South_Park_season_13"" title=""South Park season 13"">thirteenth season</a> of the American animated television series <i><a href=""/wiki/South_Park"" title=""South Park"">South Park</a></i>. The 190th overall episode of the series, it originally aired on <a href=""/wiki/Comedy_Central"" title=""Comedy Central"">Comedy Central</a> in the United States on October 14, 2009. In the episode, <a href=""/wiki/Butters_Stotch"" title=""Butters Stotch"">Butters</a> pays a girl $5 to give him his first kiss, which prompts Butters to start his own ""kissing company"" and eventually become a <a href=""/wiki/Pimp"" class=""mw-redirect"" title=""Pimp"">pimp</a>.
</p>","['Stan', 'Kyle', 'Butters', 'Clyde', 'Harrison', 'Chef']"
https://en.wikipedia.org/wiki/Smug_Alert!,"<p>""<b>Smug Alert!</b>"" is the second episode of the <a href=""/wiki/South_Park_season_10"" title=""South Park season 10"">tenth season</a> of the American animated television series <i><a href=""/wiki/South_Park"" title=""South Park"">South Park</a></i> and the 141st episode of the entire series overall, it first aired on <a href=""/wiki/Comedy_Central"" title=""Comedy Central"">Comedy Central</a> in the United States on March 29, 2006. In this episode, <a href=""/wiki/Gerald_Broflovski"" class=""mw-redirect"" title=""Gerald Broflovski"">Gerald</a> buys a <a href=""/wiki/Hybrid_electric_vehicle"" title=""Hybrid electric vehicle"">hybrid car</a> and buys into the whole progressive movement, moving his family from <a href=""/wiki/Park_County,_Colorado"" title=""Park County, Colorado"">Park County, Colorado</a> to <a href=""/wiki/San_Francisco"" title=""San Francisco"">San Francisco, California</a> and disturbing a delicate equilibrium and indirectly causing an environmental disaster along the way. The episode acts as a play on the attitude of owners of hybrid cars, as well as the similarity between the words ""<a href=""/wiki/Smog"" title=""Smog"">smog</a>"" and ""<a href=""https://en.wiktionary.org/wiki/smug"" class=""extiw"" title=""wikt:smug"">smug</a>"".
</p>","['Stan', 'Kyle', 'Eric', 'Butters', 'Gerald', 'Big Gay Al', 'Chef']"
https://en.wikipedia.org/wiki/Titties_and_Dragons,"<p>""<b>Titties and Dragons</b>"" is the ninth episode in the <a href=""/wiki/South_Park_season_17"" title=""South Park season 17"">seventeenth season</a> of the American animated television series <i><a href=""/wiki/South_Park"" title=""South Park"">South Park</a></i>. The 246th episode of the series overall, it premiered on <a href=""/wiki/Comedy_Central"" title=""Comedy Central"">Comedy Central</a> in the United States on December 4, 2013. It is the conclusion of a three-episode <a href=""/wiki/Story_arc"" title=""Story arc"">story arc</a> that began with ""<a href=""/wiki/Black_Friday_(South_Park)"" title=""Black Friday (South Park)"">Black Friday</a>"", and continued with ""<a href=""/wiki/A_Song_of_Ass_and_Fire"" title=""A Song of Ass and Fire"">A Song of Ass and Fire</a>"". The story centers upon the children of South Park, role-playing as characters from <i><a href=""/wiki/Game_of_Thrones"" title=""Game of Thrones"">Game of Thrones</a></i>, split into two factions over whether to collectively purchase bargain-priced <a href=""/wiki/Xbox_One"" title=""Xbox One"">Xbox One</a> or <a href=""/wiki/PlayStation_4"" title=""PlayStation 4"">PlayStation 4</a> video game consoles at an upcoming <a href=""/wiki/Black_Friday_(shopping)"" title=""Black Friday (shopping)"">Black Friday</a> sale at the local mall, where <a href=""/wiki/Randy_and_Sharon_Marsh"" class=""mw-redirect"" title=""Randy and Sharon Marsh"">Randy Marsh</a> has been made the Captain of mall security. The episode received critical acclaim.
</p>","['Stan', 'Kyle', 'Eric', 'Kenny', 'Randy', 'Sharon']"
https://en.wikipedia.org/wiki/The_Scoots,"<p>""<b>The Scoots</b>"" is the fifth episode of the <a href=""/wiki/South_Park_season_22"" title=""South Park season 22"">twenty-second season</a> of the American animated television series <i><a href=""/wiki/South_Park"" title=""South Park"">South Park</a></i>. The 292nd overall episode of the series, it first aired on <a href=""/wiki/Comedy_Central"" title=""Comedy Central"">Comedy Central</a> in the United States on October 31, 2018.
</p>","['Stan', 'Kyle', 'Eric', 'Kenny', 'Mr. Mackey', 'Scott']"
https://en.wikipedia.org/wiki/South_Park_(Not_Suitable_for_Children),"<p>""<b>South Park (Not Suitable for Children)</b>"" is a 2023 American <a href=""/wiki/Adult_animation"" title=""Adult animation"">adult animated</a> <a href=""/wiki/Television_comedy"" title=""Television comedy"">comedy</a> <a href=""/wiki/Television_special"" title=""Television special"">television special</a> episode. It is the sixth <i><a href=""/wiki/South_Park"" title=""South Park"">South Park</a></i> television special, and the 327th episode of the series overall. The special premiered on December 20, 2023 on <a href=""/wiki/Paramount%2B"" title=""Paramount+"">Paramount+</a>.<sup id=""cite_ref-ccpressrelease_1-0"" class=""reference""><a href=""#cite_note-ccpressrelease-1"">[1]</a></sup>
</p>","['Stan', 'Kyle', 'Eric', 'Kenny', 'Butters', 'Randy', 'Gerald', 'Liane', 'Mr. Mackey', 'Jimmy', 'Tolkien', 'Wendy', 'Clyde', 'Craig', 'Timmy', 'Tweek', 'Sharon', 'Mayor', 'Chef', 'Mr. Hankey', 'Nathan', 'Sheila']"
https://en.wikipedia.org/wiki/Lil%27_Crime_Stoppers,"<p>""<b>Lil' Crime Stoppers</b>"" is the sixth episode of the <a href=""/wiki/South_Park_season_7"" title=""South Park season 7"">seventh season</a> of the American animated television series <i><a href=""/wiki/South_Park"" title=""South Park"">South Park</a></i>, and the 102nd episode of the series overall. It first aired on <a href=""/wiki/Comedy_Central"" title=""Comedy Central"">Comedy Central</a> April 23, 2003.
</p>","['Stan', 'Kyle', 'Eric', 'Kenny', 'Butters', 'Pete']"
https://en.wikipedia.org/wiki/201_(South_Park),"<p>""<b>201</b>"" is the sixth episode of the <a href=""/wiki/South_Park_season_14"" title=""South Park season 14"">fourteenth season</a> of <i><a href=""/wiki/South_Park"" title=""South Park"">South Park</a></i>, and the 201st overall episode of the series. It originally aired on <a href=""/wiki/Comedy_Central"" title=""Comedy Central"">Comedy Central</a> in the United States on April 21, 2010. The episode continued multiple storylines from the previous episode, ""<a href=""/wiki/200_(South_Park)"" title=""200 (South Park)"">200</a>"", in which a group of angry celebrities demand South Park produce <a href=""/wiki/Muhammad"" title=""Muhammad"">Muhammad</a>. In ""201"", a superhero-like group of religious figures (<a href=""/wiki/Super_Best_Friends"" title=""Super Best Friends"">The Super Best Friends</a>) team up to save South Park from the celebrities and their monster <a href=""/wiki/Mecha-Streisand"" title=""Mecha-Streisand"">Mecha-Streisand</a>, while <a href=""/wiki/Eric_Cartman"" title=""Eric Cartman"">Eric Cartman</a> learns the true identity of his father.
</p>","['Stan', 'Kyle', 'Eric', 'Kenny', 'Liane', 'Terrance and Phillip', 'Big Gay Al', 'Jesus', 'Scott', 'Mayor', 'Dr. Alphonse', 'Santa', 'Mr. Slave', 'Towelie', 'Pip', 'Mr. Hankey', 'Satan', 'Michael']"
https://en.wikipedia.org/wiki/South_Park:_Post_Covid:_The_Return_of_Covid,"<p>""<b>South Park: Post Covid: The Return of Covid</b>"" is a 2021 American <a href=""/wiki/Adult_animation"" title=""Adult animation"">adult animated</a> <a href=""/wiki/Comedy_film"" title=""Comedy film"">comedy</a> <a href=""/wiki/Television_special"" title=""Television special"">television special</a> episode written and directed by <a href=""/wiki/Trey_Parker"" title=""Trey Parker"">Trey Parker</a>. It is the second in a series of <i><a href=""/wiki/South_Park"" title=""South Park"">South Park</a></i> television specials for the streaming service <a href=""/wiki/Paramount%2B"" title=""Paramount+"">Paramount+</a> and premiered on December 16, 2021.<sup id=""cite_ref-press_release_1-0"" class=""reference""><a href=""#cite_note-press_release-1"">[1]</a></sup><sup id=""cite_ref-Hollywood_2-0"" class=""reference""><a href=""#cite_note-Hollywood-2"">[2]</a></sup> It is a sequel to and continues the storyline of the previous special, ""<a href=""/wiki/South_Park:_Post_Covid"" title=""South Park: Post Covid"">South Park: Post Covid</a>"".<sup id=""cite_ref-TVLine_3-0"" class=""reference""><a href=""#cite_note-TVLine-3"">[3]</a></sup> It is also the 311th episode of the series.
</p>","['Stan', 'Kyle', 'Eric', 'Kenny', 'Butters', 'Randy', 'Gerald', 'Liane', 'Mr. Mackey', 'Jimmy', 'Tolkien', 'Wendy', 'Clyde', 'Craig', 'Timmy', 'Tweek', 'Sharon', 'Shelley', 'Mayor', 'Chef', 'Mr. Hankey', 'Sheila']"
https://en.wikipedia.org/wiki/The_Mexican_Staring_Frog_of_Southern_Sri_Lanka,"<p>""<b>The Mexican Staring Frog of Southern Sri Lanka</b>"" is the sixth episode in the <a href=""/wiki/South_Park_season_2"" title=""South Park season 2"">second season</a> of the American animated television series <i><a href=""/wiki/South_Park"" title=""South Park"">South Park</a></i>. The 19th episode of the series overall, it originally aired on <a href=""/wiki/Comedy_Central"" title=""Comedy Central"">Comedy Central</a> in the United States on June 10, 1998. The episode was written by series co-creators <a href=""/wiki/Trey_Parker"" title=""Trey Parker"">Trey Parker</a> and <a href=""/wiki/Matt_Stone"" title=""Matt Stone"">Matt Stone</a>, and directed by Parker.<sup id=""cite_ref-1"" class=""reference""><a href=""#cite_note-1"">[1]</a></sup>
</p>","['Stan', 'Terrance and Phillip', 'Jimbo', 'Ike', 'Ned', 'Jesus', 'Chef', 'Satan']"
https://en.wikipedia.org/wiki/Fun_with_Veal,"<p>""<b>Fun with Veal</b>"" is the 4th episode of the <a href=""/wiki/South_Park_season_6"" title=""South Park season 6"">sixth season</a> of the animated television series <i><a href=""/wiki/South_Park"" title=""South Park"">South Park</a></i>, and the 83rd episode of the series overall. It is the 4th episode in production order. It originally aired in the <a href=""/wiki/United_States"" title=""United States"">United States</a> on <a href=""/wiki/Comedy_Central"" title=""Comedy Central"">Comedy Central</a> on March 27, 2002. In the episode, Stan and the boys are horrified when they find what <a href=""/wiki/Veal"" title=""Veal"">veal</a> is made from, and then kidnap all the baby cows from a local ranch in South Park.
</p>","['Stan', 'Kyle', 'Eric', 'Butters', 'Randy', 'Liane', 'Terrance and Phillip', 'Bebe', 'Sharon', 'Michael', 'Pete']"
https://en.wikipedia.org/wiki/Imaginationland_Episode_I,"<p>""<b>Imaginationland Episode I</b>"" is the tenth episode of the <a href=""/wiki/South_Park_season_11"" title=""South Park season 11"">eleventh season</a> and the 163rd overall episode of the American animated television series <i><a href=""/wiki/South_Park"" title=""South Park"">South Park</a></i>. It premiered on <a href=""/wiki/Comedy_Central"" title=""Comedy Central"">Comedy Central</a> in the United States on October 17, 2007.<sup id=""cite_ref-1"" class=""reference""><a href=""#cite_note-1"">[1]</a></sup> The episode was rated TV-MA LV in the United States. It is the first episode in a three-part <a href=""/wiki/Story_arc"" title=""Story arc"">story arc</a> that won the 2008 <a href=""/wiki/Emmy"" class=""mw-redirect"" title=""Emmy"">Emmy</a> for ""<a href=""/wiki/Primetime_Emmy_Award_for_Outstanding_Animated_Program"" title=""Primetime Emmy Award for Outstanding Animated Program"">Outstanding Animated Program (For Programming One Hour or More)</a>"". The three episodes were later reissued together, along with previously unreleased footage, as the uncensored <i>Imaginationland: The Movie</i>.
</p>","['Stan', 'Kyle', 'Eric', 'Kenny', 'Butters', 'Jimmy', 'Stuart', 'Scott', 'Mayor', 'Michael']"
https://en.wikipedia.org/wiki/The_Cissy,"<p>""<b>The Cissy</b>"" is the third episode in the <a href=""/wiki/South_Park_season_18"" title=""South Park season 18"">eighteenth season</a> of the American animated television series <i><a href=""/wiki/South_Park"" title=""South Park"">South Park</a></i>. The 250th overall episode, it was written and directed by series co-creator <a href=""/wiki/Trey_Parker"" title=""Trey Parker"">Trey Parker</a>. The episode premiered on <a href=""/wiki/Comedy_Central"" title=""Comedy Central"">Comedy Central</a> in the United States on October 8, 2014. The episode explores the controversial subculture of <a href=""/wiki/Transgender"" title=""Transgender"">transgender</a> individuals and <a href=""/wiki/Gender_identity"" title=""Gender identity"">gender identity</a>. Musician <a href=""/wiki/Sia"" title=""Sia"">Sia</a> is featured as the <a href=""/wiki/AutoTune"" class=""mw-redirect"" title=""AutoTune"">AutoTuned</a> voice of <a href=""/wiki/Randy_and_Sharon_Marsh"" class=""mw-redirect"" title=""Randy and Sharon Marsh"">Randy Marsh</a>, who is revealed to be the musician <a href=""/wiki/Lorde"" title=""Lorde"">Lorde</a>.
</p>","['Stan', 'Eric', 'Butters', 'Randy', 'Wendy', 'Sharon']"
https://en.wikipedia.org/wiki/The_Big_Fix_(South_Park),"<p>""<b>The Big Fix</b>"" is the second episode of the <a href=""/wiki/South_Park_season_25"" title=""South Park season 25"">twenty-fifth season</a> of the American animated television series <i><a href=""/wiki/South_Park"" title=""South Park"">South Park</a></i>. The 313th episode overall of the series, it premiered on <a href=""/wiki/Comedy_Central"" title=""Comedy Central"">Comedy Central</a> in the United States on February 9, 2022.<sup id=""cite_ref-1"" class=""reference""><a href=""#cite_note-1"">[1]</a></sup> This episode <a href=""/wiki/Retroactive_continuity"" title=""Retroactive continuity"">retconned</a> the name of the supporting character <a href=""/wiki/Token_Black"" class=""mw-redirect"" title=""Token Black"">Token Black</a>, establishing that his name is really <em>Tolkien</em> Black, and that he was named after <i><a href=""/wiki/The_Lord_of_the_Rings"" title=""The Lord of the Rings"">The Lord of the Rings</a></i> author <a href=""/wiki/J._R._R._Tolkien"" title=""J. R. R. Tolkien"">J. R. R. Tolkien</a>.<sup id=""cite_ref-2"" class=""reference""><a href=""#cite_note-2"">[2]</a></sup>
</p>","['Stan', 'Randy', 'Tolkien', 'Sharon', 'Linda']"
https://en.wikipedia.org/wiki/Raising_the_Bar_(South_Park),"<p>""<b>Raising the Bar</b>"" is the ninth episode of the <a href=""/wiki/South_Park_season_16"" title=""South Park season 16"">sixteenth season</a> of the American animated satire <i><a href=""/wiki/South_Park"" title=""South Park"">South Park</a></i>, and the 232nd episode of the series overall. It premiered on <a href=""/wiki/Comedy_Central"" title=""Comedy Central"">Comedy Central</a> in the <a href=""/wiki/United_States"" title=""United States"">United States</a> on October 3, 2012, and is rated <a href=""/wiki/TV-MA_L"" class=""mw-redirect"" title=""TV-MA L"">TV-MA L</a>. The episode won the 2013 <a href=""/wiki/Primetime_Emmy_Award"" class=""mw-redirect"" title=""Primetime Emmy Award"">Primetime Emmy Award</a> for Outstanding Animated Program.
</p>","['Kyle', 'Eric', 'Randy', 'Tolkien']"
https://en.wikipedia.org/wiki/The_Hobbit_(South_Park),"<p>""<b>The Hobbit</b>"" is the tenth and final episode in the <a href=""/wiki/South_Park_season_17"" title=""South Park season 17"">seventeenth season</a> of the American animated television series <i><a href=""/wiki/South_Park"" title=""South Park"">South Park</a></i>. The 247th episode of the series overall, it premiered on <a href=""/wiki/Comedy_Central"" title=""Comedy Central"">Comedy Central</a> in the United States on December 11, 2013.<sup id=""cite_ref-1"" class=""reference""><a href=""#cite_note-1"">[1]</a></sup> The story centers upon <a href=""/wiki/Wendy_Testaburger"" title=""Wendy Testaburger"">Wendy Testaburger</a>'s attempts to raise awareness of media impact on <a href=""/wiki/Body_image"" title=""Body image"">body image</a>, which leads to a crusade by rapper <a href=""/wiki/Kanye_West"" title=""Kanye West"">Kanye West</a> to convince the world that his then-fiancée, <a href=""/wiki/Kim_Kardashian"" title=""Kim Kardashian"">Kim Kardashian</a>, is not a <a href=""/wiki/Hobbit"" title=""Hobbit"">hobbit</a>.<sup id=""cite_ref-2"" class=""reference""><a href=""#cite_note-2"">[2]</a></sup> The episode received largely positive reviews from critics, who praised Wendy's story arc and the return of West.
</p>","['Stan', 'Eric', 'Butters', 'Mr. Mackey', 'Wendy', 'Clyde']"
https://en.wikipedia.org/wiki/The_Coon,"<p>""<b>The Coon</b>"" is the second episode of the <a href=""/wiki/South_Park_season_13"" title=""South Park season 13"">thirteenth season</a> of the American animated television series <i><a href=""/wiki/South_Park"" title=""South Park"">South Park</a></i>. The 183rd episode of the series, it originally aired on <a href=""/wiki/Comedy_Central"" title=""Comedy Central"">Comedy Central</a> in the United States on March 18, 2009. In the episode, <a href=""/wiki/Eric_Cartman"" title=""Eric Cartman"">Cartman</a> poses as a <a href=""/wiki/American_comic_book"" title=""American comic book"">comic book</a> <a href=""/wiki/Superhero"" title=""Superhero"">superhero</a> <a href=""/wiki/Vigilante"" class=""mw-redirect"" title=""Vigilante"">vigilante</a> named ""The Coon"", who grows increasingly jealous of the popularity and success of a rival superhero named ""Mysterion"".
</p>","['Stan', 'Kyle', 'Eric', 'Kenny', 'Butters', 'Jimmy', 'Scott', 'Dougie']"
https://en.wikipedia.org/wiki/Timmy_2000,"<p>""<b>Timmy 2000</b>"" (the third of four episodes titled after the ""<b>2000</b>"" fad) is the third episode and the 4th episode in production order of the <a href=""/wiki/South_Park_season_4"" title=""South Park season 4"">fourth season</a> of the American animated television series <i><a href=""/wiki/South_Park"" title=""South Park"">South Park</a></i>, and the 51st episode of the series overall. It originally aired on April 19, 2000. The episode is rated <a href=""/wiki/TV-MA"" class=""mw-redirect"" title=""TV-MA"">TV-MA</a> in the United States and has a 12 certificate in the United Kingdom.
</p>","['Eric', 'Kenny', 'Herbert', 'Mr. Mackey', 'Timmy', 'Shelley', 'Pip', 'Chef']"
https://en.wikipedia.org/wiki/Summer_Sucks,"<p>""<b>Summer Sucks</b>"" is the eighth episode of the <a href=""/wiki/South_Park_season_2"" title=""South Park season 2"">second season</a> of the American animated television series <i><a href=""/wiki/South_Park"" title=""South Park"">South Park</a></i>. The 21st episode of the series overall, it originally aired on <a href=""/wiki/Comedy_Central"" title=""Comedy Central"">Comedy Central</a> in the United States on June 24, 1998. The episode was written by series co-creator <a href=""/wiki/Trey_Parker"" title=""Trey Parker"">Trey Parker</a>, along with <a href=""/wiki/Nancy_M._Pimental"" class=""mw-redirect"" title=""Nancy M. Pimental"">Nancy M. Pimental</a>, and directed by Parker. <a href=""/wiki/Jonathan_Katz"" title=""Jonathan Katz"">Jonathan Katz</a> makes a guest appearance as himself. In the episode, <a href=""/wiki/Summer"" title=""Summer"">Summer</a> arrives and the town of South Park celebrate <a href=""/wiki/Independence_Day_(United_States)"" title=""Independence Day (United States)"">Independence Day</a> by building and lighting a giant <a href=""/wiki/Black_snake_(firework)"" title=""Black snake (firework)"">snake</a> firework, since regular fireworks are illegal. <a href=""/wiki/List_of_South_Park_families#Jimbo_Kern"" class=""mw-redirect"" title=""List of South Park families"">Jimbo</a> and <a href=""/wiki/List_of_recurring_South_Park_characters#Ned_Gerblansky"" class=""mw-redirect"" title=""List of recurring South Park characters"">Ned</a> travel to Mexico to obtain fireworks, while the giant snake threatens to destroy the country. Meanwhile, <a href=""/wiki/Mr._Garrison"" title=""Mr. Garrison"">Mr. Garrison</a> struggles to cope with the loss of his <a href=""/wiki/Hand_puppet"" title=""Hand puppet"">hand puppet</a>, <a href=""/wiki/Mr._Garrison#Mr._Hat"" title=""Mr. Garrison"">Mr. Hat</a>.<sup id=""cite_ref-The_A.V._Club_1-0"" class=""reference""><a href=""#cite_note-The_A.V._Club-1"">[1]</a></sup>
</p>","['Eric', 'Kenny', 'Terrance and Phillip', 'Jimbo', 'Ike', 'Ned', 'Mayor', 'Chef']"
https://en.wikipedia.org/wiki/Rehash_(South_Park),"<p>""<b>#REHASH</b>"" is the ninth episode in the <a href=""/wiki/South_Park_season_18"" title=""South Park season 18"">eighteenth season</a> of the American animated television series <i><a href=""/wiki/South_Park"" title=""South Park"">South Park</a></i>. The 256th overall episode, it was written and directed by series co-creator and co-star <a href=""/wiki/Trey_Parker"" title=""Trey Parker"">Trey Parker</a>. The episode premiered on <a href=""/wiki/Comedy_Central"" title=""Comedy Central"">Comedy Central</a> in the United States on December 3, 2014. The episode is part one of the two-part season finale. The episode lampoons the popularity of Internet <a href=""/wiki/Let%27s_Play"" title=""Let's Play"">Let's Play</a> celebrities and the phenomena of Internet <a href=""/wiki/Twitter#Trending_topics"" title=""Twitter"">trending topics</a> that lack actual relevance. The episode also references and intertwines multiple elements from previous episodes in the eighteenth season of <i>South Park</i>. <a href=""/wiki/YouTuber"" title=""YouTuber"">YouTuber</a> <a href=""/wiki/PewDiePie"" title=""PewDiePie"">PewDiePie</a> plays himself in this episode.
</p>","['Stan', 'Kyle', 'Eric', 'Randy', 'Jimmy', 'Sharon', 'Shelley', 'Ike', 'Michael']"
https://en.wikipedia.org/wiki/Weight_Gain_4000,"<p>""<b>Weight Gain 4000</b>"" is the second episode of the <a href=""/wiki/South_Park_season_1"" title=""South Park season 1"">first season</a> of the American animated television series <i><a href=""/wiki/South_Park"" title=""South Park"">South Park</a></i>. It first aired on <a href=""/wiki/Comedy_Central"" title=""Comedy Central"">Comedy Central</a> in the United States on August 20, 1997. In the episode, the residents of South Park excitedly prepare for a visit by celebrity <a href=""/wiki/Kathie_Lee_Gifford"" title=""Kathie Lee Gifford"">Kathie Lee Gifford</a>, whom the boys' third-grade teacher <a href=""/wiki/Mr._Garrison"" title=""Mr. Garrison"">Mr. Garrison</a> plans to assassinate because of a childhood grudge. In the meantime, <a href=""/wiki/Eric_Cartman"" title=""Eric Cartman"">Cartman</a> becomes extremely obese after constantly eating a <a href=""/wiki/Bodybuilding_supplement"" title=""Bodybuilding supplement"">bodybuilding supplement</a> called Weight Gain 4000.
</p>","['Stan', 'Kyle', 'Eric', 'Kenny', 'Gerald', 'Wendy', 'Clyde', 'Bebe', 'Jimbo', 'Big Gay Al', 'Ned', 'Jesus', 'Mayor', 'Chef', 'Mr. Hankey']"
https://en.wikipedia.org/wiki/Stupid_Spoiled_Whore_Video_Playset,"<p>""<b>Stupid Spoiled Whore Video Playset</b>"" is the twelfth episode in the <a href=""/wiki/South_Park_season_8"" title=""South Park season 8"">eighth season</a> of the American animated television series <i><a href=""/wiki/South_Park"" title=""South Park"">South Park</a></i>. The 123rd episode of the series overall, it originally aired on <a href=""/wiki/Comedy_Central"" title=""Comedy Central"">Comedy Central</a> in the United States on December 1, 2004. The episode was written and directed by series co-creators <a href=""/wiki/Trey_Parker"" title=""Trey Parker"">Trey Parker</a> and <a href=""/wiki/Matt_Stone"" title=""Matt Stone"">Matt Stone</a>. The episode parodies <a href=""/wiki/Paris_Hilton"" title=""Paris Hilton"">Paris Hilton</a> and <a href=""/wiki/Sex_tape"" class=""mw-redirect"" title=""Sex tape"">sex tapes</a> made by celebrities.
</p>","['Eric', 'Butters', 'Wendy', 'Bebe', 'Mr. Slave', 'Pete']"
https://en.wikipedia.org/wiki/DikinBaus_Hot_Dogs,"<p>""<b>DikinBaus Hot Dogs</b>"" is the fifth episode of the <a href=""/wiki/South_Park_season_26"" title=""South Park season 26"">twenty-sixth season</a> of the American animated television series <i><a href=""/wiki/South_Park"" title=""South Park"">South Park</a></i>, and the 324th episode of the series overall. It premiered on March 22, 2023.<sup id=""cite_ref-1"" class=""reference""><a href=""#cite_note-1"">[1]</a></sup><sup id=""cite_ref-SPStudios_2-0"" class=""reference""><a href=""#cite_note-SPStudios-2"">[2]</a></sup> The episode's plot focuses on <a href=""/wiki/Eric_Cartman"" title=""Eric Cartman"">Eric Cartman</a>'s plans to renovate and open a historic restaurant in Colorado, after he is jealously spurred to do so from the paycheck <a href=""/wiki/Butters_Stotch"" title=""Butters Stotch"">Butters Stotch</a> earns at his new ice cream parlor job.<sup id=""cite_ref-SPStudios_2-1"" class=""reference""><a href=""#cite_note-SPStudios-2"">[2]</a></sup><sup id=""cite_ref-3"" class=""reference""><a href=""#cite_note-3"">[3]</a></sup>
</p>","['Stan', 'Eric', 'Kenny', 'Butters', 'Liane']"
https://en.wikipedia.org/wiki/A_Song_of_Ass_and_Fire,"<p>""<b>A Song of Ass and Fire</b>"" is the eighth episode in the <a href=""/wiki/South_Park_season_17"" title=""South Park season 17"">seventeenth season</a> of the American animated television series <i><a href=""/wiki/South_Park"" title=""South Park"">South Park</a></i>. The 245th episode of the series overall, it first aired on <a href=""/wiki/Comedy_Central"" title=""Comedy Central"">Comedy Central</a> in the United States on November 20, 2013. The episode serves as a continuation of the previous episode, ""<a href=""/wiki/Black_Friday_(South_Park)"" title=""Black Friday (South Park)"">Black Friday</a>"", in which the children of South Park, role-playing as characters from <i><a href=""/wiki/Game_of_Thrones"" title=""Game of Thrones"">Game of Thrones</a></i>, are split into two factions over whether to collectively purchase bargain-priced <a href=""/wiki/Xbox_One"" title=""Xbox One"">Xbox One</a> or <a href=""/wiki/PlayStation_4"" title=""PlayStation 4"">PlayStation 4</a> video game consoles at an upcoming <a href=""/wiki/Black_Friday_(shopping)"" title=""Black Friday (shopping)"">Black Friday</a> sale at the local mall, where <a href=""/wiki/Randy_and_Sharon_Marsh"" class=""mw-redirect"" title=""Randy and Sharon Marsh"">Randy Marsh</a> has been made the Captain of mall security. The story arc concludes with the following episode, ""<a href=""/wiki/Titties_and_Dragons"" title=""Titties and Dragons"">Titties and Dragons</a>"".<sup id=""cite_ref-1"" class=""reference""><a href=""#cite_note-1"">[1]</a></sup>
</p>","['Stan', 'Kyle', 'Eric', 'Kenny', 'Butters', 'Randy', 'Scott Malkinson', 'Sharon', 'Scott']"
https://en.wikipedia.org/wiki/Here_Comes_the_Neighborhood,"<p>""<b>Here Comes the Neighborhood</b>"" is the 12th episode of the <a href=""/wiki/South_Park_season_5"" title=""South Park season 5"">fifth season</a> of the animated television series <i><a href=""/wiki/South_Park"" title=""South Park"">South Park</a></i>, and the 77th episode of the series overall. ""Here Comes the Neighborhood"" originally aired in the <a href=""/wiki/United_States"" title=""United States"">United States</a> on November 28, 2001 on <a href=""/wiki/Comedy_Central"" title=""Comedy Central"">Comedy Central</a>. The title is a play on the expression ""There goes the neighborhood.""
</p>","['Stan', 'Eric', 'Kenny', 'Butters', 'Randy', 'Tolkien', 'Terrance and Phillip', 'Jimbo', 'Scott', 'Towelie', 'Chef']"
https://en.wikipedia.org/wiki/South_Park_The_Streaming_Wars,"<p>""<b>South Park The Streaming Wars</b>""<sup id=""cite_ref-2"" class=""reference""><a href=""#cite_note-2"">[a]</a></sup> is a 2022 American <a href=""/wiki/Adult_animation"" title=""Adult animation"">adult animated</a> <a href=""/wiki/Comedy_film"" title=""Comedy film"">comedy</a> <a href=""/wiki/Television_special"" title=""Television special"">television special</a> episode written and directed by <a href=""/wiki/Trey_Parker"" title=""Trey Parker"">Trey Parker</a>. It is the third <i><a href=""/wiki/South_Park"" title=""South Park"">South Park</a></i> television special produced for <a href=""/wiki/Paramount%2B"" title=""Paramount+"">Paramount+</a> and was released on June 1, 2022.<sup id=""cite_ref-Deadline_3-0"" class=""reference""><a href=""#cite_note-Deadline-3"">[2]</a></sup><sup id=""cite_ref-TVLine_4-0"" class=""reference""><a href=""#cite_note-TVLine-4"">[3]</a></sup> It also serves as the 318th overall episode of the television series.
</p>","['Stan', 'Kyle', 'Eric', 'Kenny', 'Butters', 'Randy', 'Gerald', 'Liane', 'Mr. Mackey', 'Jimmy', 'Tolkien', 'Wendy', 'Clyde', 'Craig', 'Timmy', 'Sharon', 'Karen', 'Linda', 'Mayor', 'Chef', 'Mr. Hankey', 'Sheila']"
https://en.wikipedia.org/wiki/The_China_Probrem,"<p>""<b>The China Probrem</b>"" is the eighth episode in the <a href=""/wiki/South_Park_season_12"" title=""South Park season 12"">twelfth season</a> of the American animated television series <i><a href=""/wiki/South_Park"" title=""South Park"">South Park</a></i>.<sup id=""cite_ref-South_Park_Studios_1-0"" class=""reference""><a href=""#cite_note-South_Park_Studios-1"">[1]</a></sup> The 175th episode of the series overall, it originally aired on <a href=""/wiki/Comedy_Central"" title=""Comedy Central"">Comedy Central</a> in the <a href=""/wiki/United_States"" title=""United States"">United States</a> on October 8, 2008. It was the mid-season premiere for season 12, and was dedicated to <a href=""/wiki/Isaac_Hayes"" title=""Isaac Hayes"">Isaac Hayes</a>, the voice actor of <a href=""/wiki/Chef_(South_Park)"" title=""Chef (South Park)"">Chef</a>, who died on August 10 of that year.<sup id=""cite_ref-2"" class=""reference""><a href=""#cite_note-2"">[2]</a></sup> The episode was rated <a href=""/wiki/TV_MA"" class=""mw-redirect"" title=""TV MA"">TV-MA-LSV</a> for strong language, sexual content, and violence in the United States.
</p>","['Stan', 'Kyle', 'Eric', 'Kenny', 'Butters', 'Jimmy', 'Clyde', 'Stephen', 'Linda', 'Chef']"
https://en.wikipedia.org/wiki/Over_Logging,"<p>""<b>Over Logging</b>"" is the sixth episode in the <a href=""/wiki/South_Park_season_12"" title=""South Park season 12"">twelfth season</a> of the American animated series <i><a href=""/wiki/South_Park"" title=""South Park"">South Park</a></i>.<sup id=""cite_ref-South_Park_Studios_1-0"" class=""reference""><a href=""#cite_note-South_Park_Studios-1"">[1]</a></sup> The 173rd episode of the series overall, it originally aired on <a href=""/wiki/Comedy_Central"" title=""Comedy Central"">Comedy Central</a> in the United States on April 16, 2008. In the episode, internet access cuts out in Colorado, which leads to a social crisis, making the Marsh family join a mass-migration west to a camp with scarce Internet access. The episode was rated <a href=""/wiki/TV-MA_L"" class=""mw-redirect"" title=""TV-MA L"">TV-MA-LS</a> for strong language and sexual content in the United States.
</p>","['Stan', 'Kyle', 'Randy', 'Sharon', 'Grandpa']"
https://en.wikipedia.org/wiki/Child_Abduction_Is_Not_Funny,"<p>""<b>Child Abduction Is Not Funny</b>"" is the 90th episode of the <a href=""/wiki/Comedy_Central"" title=""Comedy Central"">Comedy Central</a> series <i><a href=""/wiki/South_Park"" title=""South Park"">South Park</a></i>. It originally aired on July 24, 2002. This episode mocks <a href=""/wiki/Kidnapping"" title=""Kidnapping"">kidnapping</a>, <a href=""/wiki/Moral_panic"" title=""Moral panic"">moral panics</a>, and the <a href=""/wiki/Mongol_conquest_of_China"" title=""Mongol conquest of China"">Mongol conquest of China</a>. The episode was also the last to feature <a href=""/wiki/Tweek_Tweak"" class=""mw-redirect"" title=""Tweek Tweak"">Tweek</a> as the ""fourth friend"" alongside Stan, Kyle and Cartman.
</p>","['Stan', 'Kyle', 'Terrance and Phillip', 'Tweek', 'Bebe', 'Jesus', 'Lu Kim', 'Mayor', 'Pete']"
https://en.wikipedia.org/wiki/Britney%27s_New_Look,"<p>""<b>Britney's New Look</b>"" is the second episode in the <a href=""/wiki/South_Park_season_12"" title=""South Park season 12"">twelfth season</a> of the animated television series <i><a href=""/wiki/South_Park"" title=""South Park"">South Park</a></i>, and the 169th episode of the series overall. It originally aired on <a href=""/wiki/Comedy_Central"" title=""Comedy Central"">Comedy Central</a> in the United States on March 19, 2008.<sup id=""cite_ref-South_Park_Studios_1-0"" class=""reference""><a href=""#cite_note-South_Park_Studios-1"">[1]</a></sup> In the episode, <a href=""/wiki/Kyle_Broflovski"" title=""Kyle Broflovski"">Kyle Broflovski</a> and <a href=""/wiki/Stan_Marsh"" title=""Stan Marsh"">Stan Marsh</a> take pity on <a href=""/wiki/Britney_Spears"" title=""Britney Spears"">Britney Spears</a> after a botched suicide attempt, and are consequently intertwined into an ancient conspiracy.
</p>","['Stan', 'Kyle', 'Eric', 'Butters']"
https://en.wikipedia.org/wiki/Back_to_the_Cold_War,"<p>""<b>Back to the Cold War</b>"" is the fourth episode of the <a href=""/wiki/South_Park_season_25"" title=""South Park season 25"">twenty-fifth season</a> of the American animated television series <i><a href=""/wiki/South_Park"" title=""South Park"">South Park</a></i>. It is the 315th episode overall of the series, and premiered on <a href=""/wiki/Comedy_Central"" title=""Comedy Central"">Comedy Central</a> in the United States on March 2, 2022.<sup id=""cite_ref-1"" class=""reference""><a href=""#cite_note-1"">[1]</a></sup>
</p>","['Stan', 'Butters', 'Mr. Mackey', 'PC Principal', 'Sharon', 'Grandpa', 'Stephen', 'Linda', 'Pete']"
https://en.wikipedia.org/wiki/Christian_Rock_Hard,"<p>""<b>Christian Rock Hard</b>"" is the ninth episode of the <a href=""/wiki/South_Park_season_7"" title=""South Park season 7"">seventh season</a> and the 105th overall episode of the American animated series <i><a href=""/wiki/South_Park"" title=""South Park"">South Park</a></i>. It originally aired on <a href=""/wiki/Comedy_Central"" title=""Comedy Central"">Comedy Central</a> in the United States on October 29, 2003.
</p>","['Stan', 'Kyle', 'Eric', 'Kenny', 'Butters', 'Tolkien', 'Timmy', 'Jesus', 'Pete']"
https://en.wikipedia.org/wiki/The_End_of_Serialization_as_We_Know_It,"<p>""<b>The End of Serialization as We Know It</b>"" is the tenth episode and the <a href=""/wiki/Season_finale"" title=""Season finale"">season finale</a> in the <a href=""/wiki/South_Park_(season_20)"" class=""mw-redirect"" title=""South Park (season 20)"">twentieth season</a> of the American animated television series <i><a href=""/wiki/South_Park"" title=""South Park"">South Park</a></i>. The 277th episode of the series overall, it first aired on <a href=""/wiki/Comedy_Central"" title=""Comedy Central"">Comedy Central</a> in the United States on December 7, 2016.
</p>","['Kyle', 'Eric', 'Butters', 'Gerald', 'Heidi', 'Ike', 'Sheila']"
https://en.wikipedia.org/wiki/Imaginationland_Episode_III,"<p>""<b>Imaginationland Episode III</b>"" is the twelfth episode in the <a href=""/wiki/South_Park_season_11"" title=""South Park season 11"">eleventh season</a> of <a href=""/wiki/Comedy_Central"" title=""Comedy Central"">Comedy Central</a>'s animated television series <i><a href=""/wiki/South_Park"" title=""South Park"">South Park</a></i>. It originally aired on October 31, 2007.<sup id=""cite_ref-1"" class=""reference""><a href=""#cite_note-1"">[1]</a></sup> The episode was rated <a href=""/wiki/TV_Parental_Guidelines"" title=""TV Parental Guidelines"">TV-MA LV</a> in the United States. It is the third and final episode in a three-part <a href=""/wiki/Story_arc"" title=""Story arc"">story arc</a> that won the 2008 <a href=""/wiki/Emmy"" class=""mw-redirect"" title=""Emmy"">Emmy</a> for <a href=""/wiki/Primetime_Emmy_Award_for_Outstanding_Animated_Program"" title=""Primetime Emmy Award for Outstanding Animated Program"">Outstanding Animated Program (For Programming One Hour or More)</a>. The three episodes were later reissued together, along with previously unreleased footage, as the uncensored <i><a href=""/wiki/Imaginationland:_The_Movie_(South_Park)"" class=""mw-redirect"" title=""Imaginationland: The Movie (South Park)"">Imaginationland: The Movie</a></i>.
</p>","['Stan', 'Kyle', 'Eric', 'Butters', 'Jesus', 'Mayor', 'Santa']"
"https://en.wikipedia.org/wiki/Mr._Hankey,_the_Christmas_Poo","<p>""<b>Mr. Hankey, the Christmas Poo</b>"" is the ninth episode of the <a href=""/wiki/South_Park_season_1"" title=""South Park season 1"">first season</a> of the American animated television series <i><a href=""/wiki/South_Park"" title=""South Park"">South Park</a></i>. It originally aired on <a href=""/wiki/Comedy_Central"" title=""Comedy Central"">Comedy Central</a> in the United States on December 17, 1997. The episode follows <a href=""/wiki/Kyle_Broflovski"" title=""Kyle Broflovski"">Kyle</a> as he feels excluded from the town's <a href=""/wiki/Christmas"" title=""Christmas"">Christmas</a> celebrations due to being <a href=""/wiki/Judaism"" title=""Judaism"">Jewish</a>, finding solace in <a href=""/wiki/Mr._Hankey"" class=""mw-redirect"" title=""Mr. Hankey"">Mr. Hankey</a>, a sentient piece of <a href=""/wiki/Feces"" title=""Feces"">feces</a>. Mr. Hankey does not come alive in the presence of other characters, who consequently think that Kyle is delusional. Meanwhile, the townspeople remove all religious aspects of Christmas to remain <a href=""/wiki/Political_correctness"" title=""Political correctness"">politically correct</a> and inoffensive.
</p>","['Stan', 'Kyle', 'Eric', 'Kenny', 'Gerald', 'Herbert', 'Mr. Mackey', 'Wendy', 'Craig', 'Big Gay Al', 'Jesus', 'Father Maxi', 'Mayor', 'Santa', 'Chef', 'Mr. Hankey', 'Satan', 'Michael', 'Sheila']"
https://en.wikipedia.org/wiki/Band_in_China,"<p>""<b>Band in China</b>"" is the second episode of the <a href=""/wiki/South_Park_season_23"" title=""South Park season 23"">twenty-third season</a> of the American animated television series <i><a href=""/wiki/South_Park"" title=""South Park"">South Park</a></i>. The 299th episode overall of the series, it premiered on <a href=""/wiki/Comedy_Central"" title=""Comedy Central"">Comedy Central</a> in the United States on October 2, 2019.<sup id=""cite_ref-2"" class=""reference""><a href=""#cite_note-2"">[2]</a></sup> The episode parodies media <a href=""/wiki/Censorship_in_China"" title=""Censorship in China"">censorship in China</a>, and the manner in which the American entertainment industry <a href=""/wiki/Chinese_censorship_abroad"" title=""Chinese censorship abroad"">purposefully compromises its productions</a> to avoid it.<sup id=""cite_ref-HollywoodReporter_3-0"" class=""reference""><a href=""#cite_note-HollywoodReporter-3"">[3]</a></sup>
</p>","['Stan', 'Kyle', 'Eric', 'Randy', 'Sharon', 'Carol', 'Karen', 'Stephen']"
https://en.wikipedia.org/wiki/Spookyfish,"<p>""<b>Spookyfish</b>"" is the fifteenth episode of the <a href=""/wiki/South_Park_season_2"" title=""South Park season 2"">second season</a> of the American animated television series <i><a href=""/wiki/South_Park"" title=""South Park"">South Park</a></i>. The 28th episode of the series overall, it originally aired on <a href=""/wiki/Comedy_Central"" title=""Comedy Central"">Comedy Central</a> in the United States on October 28, 1998. The episode was written and directed by series co-creator <a href=""/wiki/Trey_Parker"" title=""Trey Parker"">Trey Parker</a>. In the episode, Aunt Flo comes to stay, but her goldfish she bought for Stan Marsh turns out to be evil. Also ""Cartman"" grows a beard and starts acting strangely nice and agreeable. It was the season's <a href=""/wiki/Halloween"" title=""Halloween"">Halloween</a> special, featuring the ""spooky"" theme of having pictures of <a href=""/wiki/Barbra_Streisand"" title=""Barbra Streisand"">Barbra Streisand</a> in the screen corners, accompanied with the words ""Spooky Vision"" (in response to Streisand's <a href=""/wiki/Mecha-Streisand#Reception_and_release"" title=""Mecha-Streisand"">negative reception</a> to the <a href=""/wiki/South_Park_season_1"" title=""South Park season 1"">season one</a> episode ""<a href=""/wiki/Mecha-Streisand"" title=""Mecha-Streisand"">Mecha-Streisand</a>"").<sup id=""cite_ref-1"" class=""reference""><a href=""#cite_note-1"">[1]</a></sup>
</p>","['Stan', 'Kyle', 'Eric', 'Kenny', 'Terrance and Phillip', 'Sharon', 'Shelley', 'Ike', 'Chef']"
https://en.wikipedia.org/wiki/Crippled_Summer,"<p>""<b>Crippled Summer</b>"" is the seventh episode of the <a href=""/wiki/South_Park_season_14"" title=""South Park season 14"">fourteenth season</a> of the American animated television series <i><a href=""/wiki/South_Park"" title=""South Park"">South Park</a></i>, and the 202nd overall episode of the series. It originally aired on <a href=""/wiki/Comedy_Central"" title=""Comedy Central"">Comedy Central</a> in the United States on April 28, 2010. In the episode, the South Park children try to help <a href=""/wiki/List_of_recurring_South_Park_characters#Towelie"" class=""mw-redirect"" title=""List of recurring South Park characters"">Towelie</a> overcome his drug addiction, while Nathan and his lackey Mimsy plot to destroy <a href=""/wiki/Jimmy_Vulmer"" class=""mw-redirect"" title=""Jimmy Vulmer"">Jimmy</a> during athletic competitions at a summer camp for disabled children.
</p>","['Kyle', 'Eric', 'Butters', 'Jimmy', 'Stephen', 'Towelie', 'Pete', 'Nathan']"
https://en.wikipedia.org/wiki/Cartman_Finds_Love,"<p>""<b>Cartman Finds Love</b>"" is the seventh episode of the <a href=""/wiki/South_Park_season_16"" title=""South Park season 16"">sixteenth season</a> of the American animated sitcom <i><a href=""/wiki/South_Park"" title=""South Park"">South Park</a></i>, and the 230th episode of the series overall. It premiered on <a href=""/wiki/Comedy_Central"" title=""Comedy Central"">Comedy Central</a> in the <a href=""/wiki/United_States"" title=""United States"">United States</a> on April 25, 2012 and is rated <a href=""/wiki/TV-MA_L"" class=""mw-redirect"" title=""TV-MA L"">TV-MA L</a> and M (ls) in Australia.
</p>","['Kyle', 'Eric', 'Randy', 'Tolkien', 'Michael', 'Nichole']"
https://en.wikipedia.org/wiki/Go_God_Go,"<p>""<b>Go God Go</b>"" is the twelfth episode in the <a href=""/wiki/South_Park_season_10"" title=""South Park season 10"">tenth season</a> of the American animated television series <i><a href=""/wiki/South_Park"" title=""South Park"">South Park</a></i>. The 151st episode of the series overall, it originally aired on <a href=""/wiki/Comedy_Central"" title=""Comedy Central"">Comedy Central</a> in the United States on November 1, 2006. The episode is the first in a two-part story arc, which concludes with ""<a href=""/wiki/Go_God_Go_XII"" title=""Go God Go XII"">Go God Go XII</a>"".
</p>","['Stan', 'Eric', 'Butters', 'Chef', 'Pete', 'Dougie']"
https://en.wikipedia.org/wiki/Towelie,"<p>""<b>Towelie</b>"" is the eighth episode of the <a href=""/wiki/South_Park_season_5"" title=""South Park season 5"">fifth season</a> of the American adult animated sitcom <i><a href=""/wiki/South_Park"" title=""South Park"">South Park</a></i>, and the 73rd episode of the series overall. It originally aired on <a href=""/wiki/Comedy_Central"" title=""Comedy Central"">Comedy Central</a> in the <a href=""/wiki/United_States"" title=""United States"">United States</a> on August 8, 2001. In the episode, the boys attempt to recover their stolen video game console from the middle of a feud between a paramilitary group and extraterrestrials.
</p>","['Stan', 'Eric', 'Kenny', 'Butters', 'Randy', 'Terrance and Phillip', 'Sharon', 'Scott', 'Towelie']"
https://en.wikipedia.org/wiki/Conjoined_Fetus_Lady,"<p>""<b>Conjoined Fetus Lady</b>"" is the fifth episode of the <a href=""/wiki/South_Park_season_2"" title=""South Park season 2"">second season</a> of the American animated television series <i><a href=""/wiki/South_Park"" title=""South Park"">South Park</a></i>. The 18th episode of the series overall, it originally aired on <a href=""/wiki/Comedy_Central"" title=""Comedy Central"">Comedy Central</a> in the United States on June 3, 1998. The episode was written by series co-creators <a href=""/wiki/Trey_Parker"" title=""Trey Parker"">Trey Parker</a> and <a href=""/wiki/Matt_Stone"" title=""Matt Stone"">Matt Stone</a>, along with David R. Goodman, and directed by Parker. In the episode, South Park Elementary's <a href=""/wiki/Dodgeball"" title=""Dodgeball"">dodgeball</a> team travels to China to compete for the dodgeball championship, while the town of South Park pays tribute to the school nurse, who is living with <a href=""/wiki/Conjoined_twin"" class=""mw-redirect"" title=""Conjoined twin"">conjoined twin</a> myslexia.<sup id=""cite_ref-1"" class=""reference""><a href=""#cite_note-1"">[1]</a></sup> This is the first South Park episode that is rated TV-MA.<sup id=""cite_ref-2"" class=""reference""><a href=""#cite_note-2"">[2]</a></sup>
</p>","['Kyle', 'Kenny', 'Randy', 'Terrance and Phillip', 'Sharon', 'Ike', 'Pip', 'Chef', 'Sheila']"
https://en.wikipedia.org/wiki/The_Tooth_Fairy%27s_Tats_2000,"<p>""<b>The Tooth Fairy's Tats 2000</b>"" (also known as just <b>The Tooth Fairy's Tats</b> or <b>The Tooth Fairy Tats</b>) is the <a href=""/wiki/South_Park_season_4"" title=""South Park season 4"">fourth season</a> premiere and the 2nd produced episode of <a href=""/wiki/Comedy_Central"" title=""Comedy Central"">Comedy Central's</a> animated television series <i><a href=""/wiki/South_Park"" title=""South Park"">South Park</a></i>, and its 49th overall episode. It originally aired on April 5, 2000. The episode marks the first appearance of <a href=""/wiki/List_of_students_at_South_Park_Elementary"" class=""mw-redirect"" title=""List of students at South Park Elementary"">Timmy Burch</a>. The plot follows the boys as they decide to make money from the <a href=""/wiki/Tooth_fairy"" title=""Tooth fairy"">tooth fairy</a>, using other children's teeth, and then become involved with organized crime and the underground tooth market.
</p>","['Stan', 'Kyle', 'Eric', 'Kenny', 'Butters', 'Liane', 'Timmy', 'Pip', 'Chef']"
https://en.wikipedia.org/wiki/Nobody_Got_Cereal%3F,"<p>""<b>Nobody Got Cereal?</b>"" is the seventh episode of the <a href=""/wiki/South_Park_season_22"" title=""South Park season 22"">twenty-second season</a> of the American animated television series <i><a href=""/wiki/South_Park"" title=""South Park"">South Park</a></i>. The 294th overall episode of the series, it aired on <a href=""/wiki/Comedy_Central"" title=""Comedy Central"">Comedy Central</a> in the United States on November 14, 2018.
</p>","['Stan', 'Kyle', 'Eric', 'Kenny', 'Randy', 'Grandpa', 'Satan']"
https://en.wikipedia.org/wiki/World_Wide_Recorder_Concert,"<p>""<b>World Wide Recorder Concert</b>"" (also known as ""<b>The Brown Noise</b>""<sup id=""cite_ref-1"" class=""reference""><a href=""#cite_note-1"">[1]</a></sup>) is the seventeenth and final episode of the <a href=""/wiki/South_Park_season_3"" title=""South Park season 3"">third season</a> of the animated television series <i><a href=""/wiki/South_Park"" title=""South Park"">South Park</a></i> and the 48th episode of the series overall. It was originally broadcast on January 12, 2000. In the episode, the boys feud with children from New York at a gathering of elementary school students for a recorder concert. Meanwhile, Mr. Garrison confronts his father, whom he believes had neglected him in childhood.
</p>","['Eric', 'Kenny', 'Mr. Mackey', 'Craig', 'Tweek', 'Jesus', 'Mr. Hankey']"
https://en.wikipedia.org/wiki/Funnybot,"<p>""<b>Funnybot</b>"" is the second episode of the <a href=""/wiki/South_Park_season_15"" title=""South Park season 15"">fifteenth season</a> of the American animated television series <i><a href=""/wiki/South_Park"" title=""South Park"">South Park</a></i>, and the 211th episode of the series overall. ""Funnybot"" premiered in the <a href=""/wiki/United_States"" title=""United States"">United States</a> on <a href=""/wiki/Comedy_Central"" title=""Comedy Central"">Comedy Central</a> on May 4, 2011,<sup id=""cite_ref-1"" class=""reference""><a href=""#cite_note-1"">[1]</a></sup> the first time a <i>South Park</i> episode has premiered in May since <a href=""/wiki/South_Park_season_10"" title=""South Park season 10"">season 10's</a> ""<a href=""/wiki/Tsst"" title=""Tsst"">Tsst</a>"" in 2006. ""Funnybot"" was written and directed by series co-creator <a href=""/wiki/Trey_Parker"" title=""Trey Parker"">Trey Parker</a> and was rated <a href=""/wiki/TV-MA"" class=""mw-redirect"" title=""TV-MA"">TV-MA</a> in the United States.
</p>","['Stan', 'Kyle', 'Eric', 'Jimmy', 'Stephen']"
https://en.wikipedia.org/wiki/It_Hits_the_Fan,"<p>""<b>It Hits the Fan</b>"" is the <a href=""/wiki/South_Park_season_5"" title=""South Park season 5"">fifth season</a> premiere of the American animated television series <i><a href=""/wiki/South_Park"" title=""South Park"">South Park</a></i>, and the 66th episode of the series overall. It first aired on <a href=""/wiki/Comedy_Central"" title=""Comedy Central"">Comedy Central</a> in the United States on June 20, 2001. In the episode, after the word <i><a href=""/wiki/Shit"" title=""Shit"">shit</a></i> is said <a href=""/wiki/Censorship"" title=""Censorship"">uncensored</a> on the network television crime show <i>Cop Drama</i>, everyone starts saying the word repeatedly. This eventually brings on a mysterious <a href=""/wiki/Plague_(disease)"" title=""Plague (disease)"">plague</a> that unleashes the ancient Knights of <a href=""/wiki/Standards_and_Practices"" class=""mw-redirect"" title=""Standards and Practices"">Standards and Practices</a>, and only <a href=""/wiki/Chef_(South_Park)"" title=""Chef (South Park)"">Chef</a> and the boys can save the world.
</p>","['Stan', 'Kyle', 'Kenny', 'Butters', 'Terrance and Phillip', 'Jimbo', 'Scott', 'Towelie', 'Chef']"
https://en.wikipedia.org/wiki/Cr%C3%A8me_Fra%C3%AEche_(South_Park),"<p>""<b>Crème Fraîche</b>"" is the 14th episode and season finale of the <a href=""/wiki/South_Park_season_14"" title=""South Park season 14"">fourteenth season</a> of American animated television series <i><a href=""/wiki/South_Park"" title=""South Park"">South Park</a></i>, and the 209th episode of the series overall. It first aired on <a href=""/wiki/Comedy_Central"" title=""Comedy Central"">Comedy Central</a> in the United States on November 17, 2010. In the episode, <a href=""/wiki/Stan_Marsh"" title=""Stan Marsh"">Stan</a>'s life is reduced to shambles both at home and in school due to <a href=""/wiki/Randy_Marsh_(South_Park)"" title=""Randy Marsh (South Park)"">Randy</a>'s new obsession with the <a href=""/wiki/Food_Network"" title=""Food Network"">Food Network</a>, while <a href=""/wiki/Sharon_Marsh"" class=""mw-redirect"" title=""Sharon Marsh"">Sharon</a> explores a new interest of her own.
</p>","['Stan', 'Kyle', 'Eric', 'Kenny', 'Randy', 'Gerald', 'Terrance and Phillip', 'Sharon', 'Chef', 'Sheila']"
https://en.wikipedia.org/wiki/Cartman_Sucks,"<p>""<b>Cartman Sucks</b>"" is the second episode of the <a href=""/wiki/South_Park_season_11"" title=""South Park season 11"">eleventh season</a> of the American animated television series <i><a href=""/wiki/South_Park"" title=""South Park"">South Park</a></i>. It originally aired on March 14, 2007 on <a href=""/wiki/Comedy_Central"" title=""Comedy Central"">Comedy Central</a>. The main plot deals with <a href=""/wiki/Eric_Cartman"" title=""Eric Cartman"">Eric Cartman</a>'s efforts to recover an incriminating photograph that may call his <a href=""/wiki/Sexual_orientation"" title=""Sexual orientation"">sexual orientation</a> into question, whereas the subplot, which focuses on <a href=""/wiki/Butters_Stotch"" title=""Butters Stotch"">Butters Stotch</a>, explores childhood gay <a href=""/wiki/Conversion_therapy"" title=""Conversion therapy"">conversion therapy</a>.<sup id=""cite_ref-commentary_1-0"" class=""reference""><a href=""#cite_note-commentary-1"">[1]</a></sup>
</p>","['Stan', 'Kyle', 'Eric', 'Kenny', 'Butters', 'Liane', 'Mr. Mackey', 'Stephen', 'Linda', 'Scott', 'Bradley']"
https://en.wikipedia.org/wiki/Informative_Murder_Porn,"<p>""<b>Informative Murder Porn</b>"" is the second episode in the <a href=""/wiki/South_Park_season_17"" title=""South Park season 17"">seventeenth season</a> of the American animated television series <i><a href=""/wiki/South_Park"" title=""South Park"">South Park</a></i>. The 239th episode of the series overall, it premiered on <a href=""/wiki/Comedy_Central"" title=""Comedy Central"">Comedy Central</a> in the United States on October 2, 2013. The episode revolves around the children of South Park trying to stop their parents from watching ""murder porn"", television programs containing <a href=""/wiki/Softcore_pornography"" title=""Softcore pornography"">softcore pornography</a> that reenact <a href=""/wiki/True_crime"" title=""True crime"">true crime</a> stories.
</p>","['Stan', 'Kyle', 'Eric', 'Butters', 'Randy', 'Jimmy', 'Sharon', 'Pete']"
https://en.wikipedia.org/wiki/It%27s_a_Jersey_Thing,"<p>""<b>It's a Jersey Thing</b>"" is the seventh episode of the <a href=""/wiki/South_Park_season_14"" title=""South Park season 14"">fourteenth season</a> of the American animated television series <i><a href=""/wiki/South_Park"" title=""South Park"">South Park</a></i>, and the 204th episode of the series overall. It premiered on <a href=""/wiki/Comedy_Central"" title=""Comedy Central"">Comedy Central</a> in the <a href=""/wiki/United_States"" title=""United States"">United States</a> on October 13, 2010. In the episode, <a href=""/wiki/New_Jersey"" title=""New Jersey"">New Jersey</a> is rapidly taking over the nation one state at a time and their next stop is South Park. As the Jerseyites spill into Colorado and approach South Park, the town stands strong against the onslaught.
</p>","['Stan', 'Kyle', 'Eric', 'Kenny', 'Randy', 'Gerald', 'Sharon', 'Ike', 'Michael', 'Sheila']"
https://en.wikipedia.org/wiki/Korn%27s_Groovy_Pirate_Ghost_Mystery,"<p>""<b>Korn's Groovy Pirate Ghost Mystery</b>"" is the 10th-aired and the 12th-produced episode of the <a href=""/wiki/South_Park_season_3"" title=""South Park season 3"">third season</a> of the animated television series <i><a href=""/wiki/South_Park"" title=""South Park"">South Park</a></i>. It originally aired on October 27, 1999. The episode is themed around <a href=""/wiki/Halloween"" title=""Halloween"">Halloween</a> and includes a parody of the animated series <i><a href=""/wiki/Scooby-Doo"" title=""Scooby-Doo"">Scooby-Doo</a></i> (with the band <a href=""/wiki/Korn"" title=""Korn"">Korn</a> filling the role of Mystery, Inc.).
</p>","['Stan', 'Kyle', 'Eric', 'Kenny', 'Wendy', 'Craig', 'Tweek', 'Jesus', 'Mr. Hankey', 'Satan']"
https://en.wikipedia.org/wiki/Professor_Chaos,"<p>""<b>Professor Chaos</b>"" is the sixth episode of the <a href=""/wiki/South_Park_season_6"" title=""South Park season 6"">sixth season</a> of the <a href=""/wiki/Comedy_Central"" title=""Comedy Central"">Comedy Central</a> series <i><a href=""/wiki/South_Park"" title=""South Park"">South Park</a></i> and the 85th episode of the series overall. It originally aired on April 10, 2002. In the episode, the boys hold a contest to try to find a replacement for Butters, who becomes a supervillain after being fired from the group as the replacement <a href=""/wiki/Kenny_McCormick"" title=""Kenny McCormick"">Kenny</a>. The episode also parodies <i><a href=""/wiki/The_Bachelor_(U.S._TV_series)"" class=""mw-redirect"" title=""The Bachelor (U.S. TV series)"">The Bachelor</a></i> and the 2000 film <i><a href=""/wiki/X-Men_(film)"" title=""X-Men (film)"">X-Men</a>.</i>
</p>","['Stan', 'Kyle', 'Eric', 'Kenny', 'Butters', 'Jimmy', 'Tolkien', 'Terrance and Phillip', 'Timmy', 'Tweek', 'Bebe', 'Jimbo', 'Officer Barbrady', 'Mayor', 'Towelie', 'Pip', 'Chef', 'Pete', 'Dougie']"
https://en.wikipedia.org/wiki/Ass_Burgers,"<p>""<b>Ass Burgers</b>"" is the eighth episode of <i><a href=""/wiki/South_Park"" title=""South Park"">South Park</a></i><span class=""nowrap"" style=""padding-left:0.1em;"">'</span>s <a href=""/wiki/South_Park_season_15"" title=""South Park season 15"">fifteenth season</a> and the 217th episode of the series overall. It first aired in the U.S. on October 5, 2011, on <a href=""/wiki/Comedy_Central"" title=""Comedy Central"">Comedy Central</a>.<sup id=""cite_ref-1"" class=""reference""><a href=""#cite_note-1"">[1]</a></sup> The episode picks up where the previous episode, ""<a href=""/wiki/You%27re_Getting_Old"" title=""You're Getting Old"">You're Getting Old</a>"", left off. <a href=""/wiki/Stan_Marsh"" title=""Stan Marsh"">Stan</a>'s cynicism is mistakenly blamed on his recent vaccinations and diagnosed as <a href=""/wiki/Asperger_syndrome"" title=""Asperger syndrome"">Asperger syndrome</a>, a criticism of <a href=""/wiki/Anti-vaccination"" class=""mw-redirect"" title=""Anti-vaccination"">anti-vaccination</a> proponents. <a href=""/wiki/Eric_Cartman"" title=""Eric Cartman"">Cartman</a> mishears the condition as ""ass burgers"" and opens a food stand in which the <a href=""/wiki/Secret_ingredient"" title=""Secret ingredient"">secret ingredient</a> involves stuffing his underwear with hamburgers. The episode is rated <a href=""/wiki/TV-MA-L"" class=""mw-redirect"" title=""TV-MA-L"">TV-MA-L</a> in the <a href=""/wiki/United_States"" title=""United States"">United States</a>.
</p>","['Stan', 'Kyle', 'Eric', 'Kenny', 'Randy', 'Wendy', 'Sharon']"
https://en.wikipedia.org/wiki/Ike%27s_Wee_Wee,"<p>""<b>Ike's Wee Wee</b>"" is the third episode of the <a href=""/wiki/South_Park_season_2"" title=""South Park season 2"">second season</a> of the American animated television series <i><a href=""/wiki/South_Park"" title=""South Park"">South Park</a></i>. The 16th episode of the series overall, it first aired on <a href=""/wiki/Comedy_Central"" title=""Comedy Central"">Comedy Central</a> in the United States on May 20, 1998.<sup id=""cite_ref-pr_1-1"" class=""reference""><a href=""#cite_note-pr-1"">[1]</a></sup> In the episode, school counselor <a href=""/wiki/Mr._Mackey"" title=""Mr. Mackey"">Mr. Mackey</a> is fired, and turns to <a href=""/wiki/Drug"" title=""Drug"">drugs</a>. Meanwhile, the boys misconstrue what <a href=""/wiki/Circumcision"" title=""Circumcision"">circumcision</a> entails, and try to save <a href=""/wiki/Kyle_Broflovski"" title=""Kyle Broflovski"">Kyle</a>'s younger brother <a href=""/wiki/List_of_South_Park_families#Ike_Broflovski"" class=""mw-redirect"" title=""List of South Park families"">Ike</a> from his upcoming <a href=""/wiki/Brit_milah"" title=""Brit milah"">bris</a>.
</p>","['Stan', 'Kyle', 'Eric', 'Kenny', 'Gerald', 'Herbert', 'Mr. Mackey', 'Terrance and Phillip', 'Jimbo', 'Ike', 'Chef', 'Mr. Hankey', 'Michael']"
https://en.wikipedia.org/wiki/Starvin%27_Marvin_in_Space,"<p>""<b>Starvin' Marvin in Space</b>"" is the thirteenth episode and the 11th produced episode of the <a href=""/wiki/South_Park_season_3"" title=""South Park season 3"">third season</a> of the animated television series <i><a href=""/wiki/South_Park"" title=""South Park"">South Park</a></i> and the 44th episode of the series overall. It originally aired on <a href=""/wiki/Comedy_Central"" title=""Comedy Central"">Comedy Central</a> in the <a href=""/wiki/United_States"" title=""United States"">United States</a> on November 17, 1999. Like the episode ""<a href=""/wiki/Mr._Hankey%27s_Christmas_Classics"" title=""Mr. Hankey's Christmas Classics"">Mr. Hankey's Christmas Classics</a>"", the episode is dedicated to <a href=""/wiki/Mary_Kay_Bergman"" title=""Mary Kay Bergman"">Mary Kay Bergman</a>, who lent her voice to nearly all of South Park's female characters. This was the last show to use dialogue by Bergman, who committed suicide shortly after production was completed.
</p>","['Kyle', 'Kenny', 'Craig', 'Tweek', 'Jesus', 'Mr. Hankey', 'Michael']"
https://en.wikipedia.org/wiki/Cock_Magic,"<p>""<b>Cock Magic</b>"" is the eighth episode in the <a href=""/wiki/South_Park_season_18"" title=""South Park season 18"">eighteenth season</a> of the American animated television series <i><a href=""/wiki/South_Park"" title=""South Park"">South Park</a></i>. The 255th overall episode, it was written and directed by series co-creator and co-star <a href=""/wiki/Trey_Parker"" title=""Trey Parker"">Trey Parker</a>. The episode premiered on <a href=""/wiki/Comedy_Central"" title=""Comedy Central"">Comedy Central</a> in the United States on November 19, 2014. The episode lampoons the popularity of the <a href=""/wiki/Collectible_card_game"" title=""Collectible card game"">collectible card game</a> <i><a href=""/wiki/Magic:_The_Gathering"" title=""Magic: The Gathering"">Magic: The Gathering</a></i> using <a href=""/wiki/Double_entendre"" title=""Double entendre"">double entendres</a> of various sexual innuendo, women's sports, and <a href=""/wiki/Cockfight"" title=""Cockfight"">cockfighting</a> versus the stand for <a href=""/wiki/Animal_rights"" title=""Animal rights"">animal rights</a>.
</p>","['Stan', 'Kyle', 'Eric', 'Kenny', 'Randy', 'Wendy', 'Craig', 'Sharon', 'Stuart', 'Carol', 'Harrison', 'Pete']"
https://en.wikipedia.org/wiki/Sponsored_Content_(South_Park),"<p>""<b>Sponsored Content</b>"" is the eighth episode of the <a href=""/wiki/South_Park_season_19"" title=""South Park season 19"">nineteenth season</a> and the 265th overall episode of the animated television series <i><a href=""/wiki/South_Park"" title=""South Park"">South Park</a></i>, written and directed by the series co-creator <a href=""/wiki/Trey_Parker"" title=""Trey Parker"">Trey Parker</a>, and is also the first episode of a three-episode <a href=""/wiki/Story_arc"" title=""Story arc"">story arc</a> that serves as the season finale. The episode premiered on <a href=""/wiki/Comedy_Central"" title=""Comedy Central"">Comedy Central</a> on November 18, 2015.  It parodies the abundance of <a href=""/wiki/Online_advertising"" title=""Online advertising"">online advertising</a>, <a href=""/wiki/Native_advertising"" title=""Native advertising"">native advertising</a> and <a href=""/wiki/Clickbait"" title=""Clickbait"">clickbaits</a> while humorously linking them to <a href=""/wiki/Artificial_intelligence"" title=""Artificial intelligence"">artificial intelligence</a>, while continuing its season-long lampoon of <a href=""/wiki/Political_correctness"" title=""Political correctness"">political correctness</a>.  The story arc of this episode continues into the following episode ""<a href=""/wiki/Truth_and_Advertising"" title=""Truth and Advertising"">Truth and Advertising</a>"" and concludes with the episode ""<a href=""/wiki/PC_Principal_Final_Justice"" title=""PC Principal Final Justice"">PC Principal Final Justice</a>"".
</p>","['Randy', 'Jimmy', 'Craig', 'Timmy', 'Tweek', 'PC Principal', 'Sharon', 'Stephen', 'Linda', 'Officer Barbrady', 'Nathan']"
https://en.wikipedia.org/wiki/Scott_Tenorman_Must_Die,"<p>""<b>Scott Tenorman Must Die</b>"" is the fourth episode of the <a href=""/wiki/South_Park_season_5"" title=""South Park season 5"">fifth season</a> of the American animated television series <i><a href=""/wiki/South_Park"" title=""South Park"">South Park</a></i>, and the 69th episode of the series overall. It first aired on <a href=""/wiki/Comedy_Central"" title=""Comedy Central"">Comedy Central</a> in the United States on July 11, 2001. In the episode, high schooler <a href=""/wiki/List_of_South_Park_families#Scott_Tenorman"" class=""mw-redirect"" title=""List of South Park families"">Scott Tenorman</a> makes <a href=""/wiki/Eric_Cartman"" title=""Eric Cartman"">Eric Cartman</a> believe that buying <a href=""/wiki/Pubic_hair"" title=""Pubic hair"">pubic hair</a> from him will make Cartman reach <a href=""/wiki/Puberty"" title=""Puberty"">puberty</a>. Realizing that he had been tricked, an angry Cartman plots revenge on Scott.
</p>","['Stan', 'Kyle', 'Eric', 'Kenny', 'Butters', 'Liane', 'Terrance and Phillip', 'Timmy', 'Jimbo', 'Ned', 'Scott', 'Santa', 'Towelie', 'Pip', 'Chef', 'Michael']"
https://en.wikipedia.org/wiki/Pee_(South_Park),"<p>""<b>Pee</b>"" is the <a href=""/wiki/South_Park_season_13"" title=""South Park season 13"">thirteenth season</a> finale of the American animated television series <i><a href=""/wiki/South_Park"" title=""South Park"">South Park</a></i>. The 195th overall episode of the series, it originally aired on <a href=""/wiki/Comedy_Central"" title=""Comedy Central"">Comedy Central</a> in the <a href=""/wiki/United_States_of_America"" class=""mw-redirect"" title=""United States of America"">United States</a> on November 18, 2009. In the episode, the boys visit Pi Pi's Splashtown, the local <a href=""/wiki/Waterpark"" class=""mw-redirect"" title=""Waterpark"">waterpark</a>, where so many people urinate in the pools to the point that the entire park becomes engulfed in <a href=""/wiki/Tsunami"" title=""Tsunami"">tsunamis</a> of <a href=""/wiki/Urine"" title=""Urine"">urine</a>.
</p>","['Stan', 'Kyle', 'Eric', 'Kenny', 'Butters', 'Randy', 'Jimmy', 'Chef']"
https://en.wikipedia.org/wiki/Trapped_in_the_Closet_(South_Park),"<p>""<b>Trapped in the Closet</b>"" is the twelfth episode in the <a href=""/wiki/South_Park_season_9"" title=""South Park season 9"">ninth season</a> of the American animated television series <i><a href=""/wiki/South_Park"" title=""South Park"">South Park</a></i>. The 137th episode of the series overall, it originally aired on <a href=""/wiki/Comedy_Central"" title=""Comedy Central"">Comedy Central</a> in the United States on November 16, 2005. In the episode, <a href=""/wiki/Stan_Marsh"" title=""Stan Marsh"">Stan</a> joins <a href=""/wiki/Scientology"" title=""Scientology"">Scientology</a> in an attempt to find something ""fun and free"". After the discovery of his surprisingly high ""<a href=""/wiki/Thetan"" title=""Thetan"">thetan</a> levels"", he is recognized as the reincarnation of <a href=""/wiki/L._Ron_Hubbard"" title=""L. Ron Hubbard"">L. Ron Hubbard</a>, the founder of the church. The episode was written and directed by series co-creator <a href=""/wiki/Trey_Parker"" title=""Trey Parker"">Trey Parker</a>, who was credited as John Smith.<sup id=""cite_ref-emmy_noms_1-0"" class=""reference""><a href=""#cite_note-emmy_noms-1"">[1]</a></sup>
</p>","['Stan', 'Eric', 'Kenny', 'Randy', 'Scott', 'Chef', 'Pete']"
https://en.wikipedia.org/wiki/Terrance_and_Phillip_in_Not_Without_My_Anus,"<p>""<b>Terrance and Phillip in Not Without My Anus</b>"" is the <a href=""/wiki/South_Park_season_2"" title=""South Park season 2"">second season</a> premiere of the American <a href=""/wiki/Animated_television_series"" class=""mw-redirect"" title=""Animated television series"">animated television series</a> <i><a href=""/wiki/South_Park"" title=""South Park"">South Park</a></i>. The 14th episode of the series overall, it originally aired on <a href=""/wiki/Comedy_Central"" title=""Comedy Central"">Comedy Central</a> in the United States on April 1, 1998. The episode follows the two <a href=""/wiki/List_of_recurring_South_Park_characters#Terrance_and_Phillip"" class=""mw-redirect"" title=""List of recurring South Park characters"">title characters</a>, a duo of Canadians who attempt to save their country from the dictator <a href=""/wiki/Saddam_Hussein"" title=""Saddam Hussein"">Saddam Hussein</a> while performing repetitive <a href=""/wiki/Toilet_humour"" title=""Toilet humour"">toilet humour</a>. Unbeknownst to them, the plan was partially set up by their rival, <a href=""/wiki/List_of_recurring_South_Park_characters#Scott_the_Dick"" class=""mw-redirect"" title=""List of recurring South Park characters"">Scott</a>, a critic who is often displeased by their random jokes of <a href=""/wiki/Flatulence"" title=""Flatulence"">flatulence</a>. The script was written by series co-creators <a href=""/wiki/Trey_Parker"" title=""Trey Parker"">Trey Parker</a> and <a href=""/wiki/Matt_Stone"" title=""Matt Stone"">Matt Stone</a>, along with writer Trisha Nixon.
</p>","['Eric', 'Terrance and Phillip', 'Ike', 'Scott', 'Ugly Bob', 'Chef', 'Michael']"
https://en.wikipedia.org/wiki/Ginger_Kids,"<p>""<b>Ginger Kids</b>"" is the eleventh episode in the <a href=""/wiki/South_Park_season_9"" title=""South Park season 9"">ninth season</a> of the American animated television series <i><a href=""/wiki/South_Park"" title=""South Park"">South Park</a></i>. The 136th episode of the series overall, it first aired on <a href=""/wiki/Comedy_Central"" title=""Comedy Central"">Comedy Central</a> in the United States on November 9, 2005. In the episode, <a href=""/wiki/Eric_Cartman"" title=""Eric Cartman"">Eric Cartman</a> is led to think he has contracted a mysterious and sudden onset of ""gingervitus"" (in actuality, <a href=""/wiki/Stan_Marsh"" title=""Stan Marsh"">Stan Marsh</a> and <a href=""/wiki/Kyle_Broflovski"" title=""Kyle Broflovski"">Kyle Broflovski</a> use <a href=""/wiki/Skin_whitening"" title=""Skin whitening"">skin bleach</a>, <a href=""/wiki/Hair_coloring"" title=""Hair coloring"">hair dye</a>, and <a href=""/wiki/Henna"" title=""Henna"">henna</a>, to transform him into a <a href=""/wiki/Red_hair"" title=""Red hair"">ginger</a> kid in his sleep). To stop being ridiculed for his fake red hair, light skin and freckles, he rallies all the ginger kids everywhere to fight against the persecution and rise up to become the <a href=""/wiki/Master_race"" title=""Master race"">master race</a> he believes they are intended to be.
</p>","['Stan', 'Kyle', 'Eric', 'Kenny', 'Butters', 'Liane', 'Michael', 'Pete']"
https://en.wikipedia.org/wiki/Hummels_%26_Heroin,"<p>""<b>Hummels &amp; Heroin</b>"" is the fifth episode in the <a href=""/wiki/South_Park_season_21"" title=""South Park season 21"">twenty-first season</a> of the American animated television series <i><a href=""/wiki/South_Park"" title=""South Park"">South Park</a></i>. The 282nd overall episode of the series, it premiered on <a href=""/wiki/Comedy_Central"" title=""Comedy Central"">Comedy Central</a> in the United States on October 18, 2017.
</p>","['Stan', 'Eric', 'Grandpa']"
https://en.wikipedia.org/wiki/Sarcastaball,"<p>""<b>Sarcastaball</b>"" is the eighth episode of the <a href=""/wiki/South_Park_season_16"" title=""South Park season 16"">sixteenth season</a> of the American animated television series <i><a href=""/wiki/South_Park"" title=""South Park"">South Park</a></i>, and the 231st episode of the series overall. It premiered on <a href=""/wiki/Comedy_Central"" title=""Comedy Central"">Comedy Central</a> in the <a href=""/wiki/United_States"" title=""United States"">United States</a> on September 26, 2012, and is rated <a href=""/wiki/TV-MA_L"" class=""mw-redirect"" title=""TV-MA L"">TV-MA L</a>. In the episode, <a href=""/wiki/Randy_and_Sharon_Marsh"" class=""mw-redirect"" title=""Randy and Sharon Marsh"">Randy Marsh</a>, concerned over drastic changes to elementary school football, inadvertently creates a new version of the game after uttering a sarcastic public remark, which quickly becomes the nation's most popular sport. As a result, <a href=""/wiki/Butters_Stotch"" title=""Butters Stotch"">Butters Stotch</a> becomes a star athlete in the pastime, while Randy finds that he has lost the ability to speak without <a href=""/wiki/Sarcasm"" title=""Sarcasm"">sarcasm</a>.<sup id=""cite_ref-1"" class=""reference""><a href=""#cite_note-1"">[1]</a></sup><sup id=""cite_ref-2"" class=""reference""><a href=""#cite_note-2"">[2]</a></sup>
</p>","['Stan', 'Eric', 'Butters', 'Randy', 'Sharon', 'Jesus', 'Scott', 'Michael']"
https://en.wikipedia.org/wiki/Rainforest_Shmainforest,"<p>""<b>Rainforest Shmainforest</b>"" is the <a href=""/wiki/South_Park_season_3"" title=""South Park season 3"">third season</a> premiere of <a href=""/wiki/Comedy_Central"" title=""Comedy Central"">Comedy Central</a>'s <a href=""/wiki/List_of_animated_television_series"" class=""mw-redirect"" title=""List of animated television series"">animated series</a> <i><a href=""/wiki/South_Park"" title=""South Park"">South Park</a></i>. It originally aired on April 7, 1999 and  is the 32nd episode overall. This episode features <a href=""/wiki/Jennifer_Aniston"" title=""Jennifer Aniston"">Jennifer Aniston</a> providing the voice for Miss Stevens. The episode criticizes the American Movement to Save the Rain Forest and mocks <a href=""/wiki/Costa_Rica"" title=""Costa Rica"">Costa Rica</a>. The episode's title includes a <a href=""/wiki/Shm-reduplication"" title=""Shm-reduplication"">shm-reduplication</a>.
</p>","['Stan', 'Kyle', 'Eric', 'Kenny', 'Mr. Mackey', 'Craig', 'Tweek', 'Jesus', 'Mr. Hankey']"
https://en.wikipedia.org/wiki/Imaginationland_Episode_II,"<p>""<b>Imaginationland Episode II</b>"" is the eleventh episode in the <a href=""/wiki/South_Park_season_11"" title=""South Park season 11"">eleventh season</a> of <a href=""/wiki/Comedy_Central"" title=""Comedy Central"">Comedy Central</a>'s animated television series <i><a href=""/wiki/South_Park"" title=""South Park"">South Park</a></i>. It originally aired on October 24, 2007.<sup id=""cite_ref-1"" class=""reference""><a href=""#cite_note-1"">[1]</a></sup> The episode was rated <a href=""/wiki/TV_Parental_Guidelines"" title=""TV Parental Guidelines"">TV-MA LV</a> in the United States. It is the second episode in a three-part <a href=""/wiki/Story_arc"" title=""Story arc"">story arc</a> that won the 2008 <a href=""/wiki/Emmy"" class=""mw-redirect"" title=""Emmy"">Emmy</a> for <a href=""/wiki/Primetime_Emmy_Award_for_Outstanding_Animated_Program"" title=""Primetime Emmy Award for Outstanding Animated Program"">Outstanding Animated Program (For Programming One Hour or More)</a>. The three episodes were later reissued together, along with previously unreleased footage, as the uncensored <i><a href=""/wiki/Imaginationland:_The_Movie_(South_Park)"" class=""mw-redirect"" title=""Imaginationland: The Movie (South Park)"">Imaginationland: The Movie</a></i>.
</p>","['Stan', 'Kyle', 'Eric', 'Butters', 'Jesus', 'Mayor']"
https://en.wikipedia.org/wiki/Fishsticks_(South_Park),"<p>""<b>Fishsticks</b>"" is the fifth episode of the <a href=""/wiki/South_Park_season_13"" title=""South Park season 13"">thirteenth season</a> of the American animated television series <i><a href=""/wiki/South_Park"" title=""South Park"">South Park</a></i>. The 186th overall episode of the series, it was originally broadcast on <a href=""/wiki/Comedy_Central"" title=""Comedy Central"">Comedy Central</a> in the United States on April 8, 2009. In the episode, <a href=""/wiki/Jimmy_Valmer"" title=""Jimmy Valmer"">Jimmy</a> writes a joke that becomes a national sensation, and <a href=""/wiki/Eric_Cartman"" title=""Eric Cartman"">Cartman</a> tries to steal the credit while rapper <a href=""/wiki/Kanye_West"" title=""Kanye West"">Kanye West</a>, believing himself to be a ""genius"", becomes frustrated due to his failure to understand the joke.
</p>","['Kyle', 'Eric', 'Butters', 'Jimmy', 'Santa']"
https://en.wikipedia.org/wiki/Toilet_Paper_(South_Park),"<p>""<b>Toilet Paper</b>"" is the third episode of the <a href=""/wiki/South_Park_season_7"" title=""South Park season 7"">seventh season</a> of the American animated sitcom <i><a href=""/wiki/South_Park"" title=""South Park"">South Park</a></i>, and the 99th episode of the series overall. It first aired on <a href=""/wiki/Comedy_Central"" title=""Comedy Central"">Comedy Central</a> on April 2, 2003.
</p>","['Stan', 'Kyle', 'Eric', 'Kenny', 'Butters', 'Mr. Mackey', 'Stephen', 'Linda', 'Officer Barbrady', 'Michael']"
https://en.wikipedia.org/wiki/The_F_Word_(South_Park),"<p>""<b>The F Word</b>"" is the twelfth episode of the <a href=""/wiki/South_Park_season_13"" title=""South Park season 13"">thirteenth season</a> of the American animated television series <i><a href=""/wiki/South_Park"" title=""South Park"">South Park</a></i>. The 193rd overall episode of the series, it originally aired on <a href=""/wiki/Comedy_Central"" title=""Comedy Central"">Comedy Central</a> in the United States on November 4, 2009. In the episode, the boys attempt to change the official definition of the word <a href=""/wiki/Faggot_(slang)"" class=""mw-redirect"" title=""Faggot (slang)""><i>fag</i></a> from an <a href=""/wiki/Homophobia"" title=""Homophobia"">anti-homosexual</a> slur to a term describing loud and obnoxious <a href=""/wiki/Harley-Davidson"" title=""Harley-Davidson"">Harley</a> bikers.
</p>","['Stan', 'Kyle', 'Eric', 'Kenny', 'Butters', 'Big Gay Al', 'Father Maxi', 'Mayor', 'Mr. Slave']"
"https://en.wikipedia.org/wiki/Let_Go,_Let_Gov","<p>""<b>Let Go, Let Gov</b>"" is the first episode in the <a href=""/wiki/South_Park_season_17"" title=""South Park season 17"">seventeenth season</a> of the American animated television series <i><a href=""/wiki/South_Park"" title=""South Park"">South Park</a></i>. The 238th episode of the series overall, it first aired on <a href=""/wiki/Comedy_Central"" title=""Comedy Central"">Comedy Central</a> in the United States on September 25, 2013.<sup id=""cite_ref-2"" class=""reference""><a href=""#cite_note-2"">[2]</a></sup> The episode's story satirizes the <a href=""/wiki/2013_mass_surveillance_disclosures"" class=""mw-redirect"" title=""2013 mass surveillance disclosures"">2013 mass surveillance disclosures</a>,<sup id=""cite_ref-3"" class=""reference""><a href=""#cite_note-3"">[3]</a></sup> and casts <a href=""/wiki/Eric_Cartman"" title=""Eric Cartman"">Eric Cartman</a> in an <a href=""/wiki/Edward_Snowden"" title=""Edward Snowden"">Edward Snowden</a>-like role, in which he infiltrates the NSA in protest of the agency's surveillance of American citizens.<sup id=""cite_ref-4"" class=""reference""><a href=""#cite_note-4"">[4]</a></sup><sup id=""cite_ref-5"" class=""reference""><a href=""#cite_note-5"">[5]</a></sup>
</p>","['Kyle', 'Eric', 'Butters', 'Santa']"
https://en.wikipedia.org/wiki/Cherokee_Hair_Tampons,"<p>""<b>Cherokee Hair Tampons</b>"" is the sixth episode of the <a href=""/wiki/South_Park_season_4"" title=""South Park season 4"">fourth season</a> of the animated television series <i><a href=""/wiki/South_Park"" title=""South Park"">South Park</a></i>, and the 54th episode of the series overall. This is the season's seventh episode in production order. ""Cherokee Hair Tampons"" originally aired in the <a href=""/wiki/United_States"" title=""United States"">United States</a> on June 28, 2000, on <a href=""/wiki/Comedy_Central"" title=""Comedy Central"">Comedy Central</a>.
</p>","['Stan', 'Kyle', 'Eric', 'Kenny', 'Butters', 'Randy', 'Gerald', 'Liane', 'Herbert', 'Clyde', 'Timmy', 'Sharon', 'Pip', 'Chef', 'Sheila']"
https://en.wikipedia.org/wiki/Reverse_Cowgirl_(South_Park),"<p>""<b>Reverse Cowgirl</b>"" is the first episode of the <a href=""/wiki/South_Park_season_16"" title=""South Park season 16"">sixteenth season</a> of the American animated sitcom <i><a href=""/wiki/South_Park"" title=""South Park"">South Park</a></i>, and the 224th episode of the series overall. It premiered on <a href=""/wiki/Comedy_Central"" title=""Comedy Central"">Comedy Central</a> in the United States on March 14, 2012. In the episode, a nationwide catastrophe occurs after <a href=""/wiki/Clyde_Donovan"" class=""mw-redirect"" title=""Clyde Donovan"">Clyde</a>'s mother is killed because Clyde forgot to put the <a href=""/wiki/Toilet_seat"" title=""Toilet seat"">toilet seat</a> down.
</p>","['Stan', 'Kyle', 'Eric', 'Kenny', 'Butters', 'Randy', 'Jimmy', 'Clyde']"
https://en.wikipedia.org/wiki/Red_Sleigh_Down,"<p>""<b>Red Sleigh Down</b>"" is episode 96 of the <a href=""/wiki/Comedy_Central"" title=""Comedy Central"">Comedy Central</a> series <i><a href=""/wiki/South_Park"" title=""South Park"">South Park</a></i>. It originally aired on December 11, 2002.
</p>","['Kyle', 'Eric', 'Kenny', 'Jimmy', 'Terrance and Phillip', 'Bebe', 'Jesus', 'Santa', 'Mr. Hankey', 'Pete']"
https://en.wikipedia.org/wiki/The_Jeffersons_(South_Park),"<p>""<b>The Jeffersons</b>"" is the sixth episode in the <a href=""/wiki/South_Park_season_8"" title=""South Park season 8"">eighth season</a> of the American <a href=""/wiki/List_of_animated_television_series"" class=""mw-redirect"" title=""List of animated television series"">animated television series</a> <i><a href=""/wiki/South_Park"" title=""South Park"">South Park</a></i>. It is seventh in production order. The 117th episode of the series overall, it was originally broadcast on <a href=""/wiki/Comedy_Central"" title=""Comedy Central"">Comedy Central</a> in the United States on April 21, 2004.
</p>","['Stan', 'Kyle', 'Eric', 'Kenny', 'Randy', 'Sharon', 'Santa', 'Harrison', 'Michael', 'Pete']"
https://en.wikipedia.org/wiki/Goth_Kids_3:_Dawn_of_the_Posers,"<p>""<b>Goth Kids 3: Dawn of the Posers</b>"" is the fourth episode in the <a href=""/wiki/South_Park_season_17"" title=""South Park season 17"">seventeenth season</a> of the American animated television series <i><a href=""/wiki/South_Park"" title=""South Park"">South Park</a></i>. The 241st episode of the series overall, it premiered on <a href=""/wiki/Comedy_Central"" title=""Comedy Central"">Comedy Central</a> in the United States on October 23, 2013. It was originally scheduled to air October 16, but a power outage that occurred at South Park Studios in <a href=""/wiki/Los_Angeles,_California"" class=""mw-redirect"" title=""Los Angeles, California"">Los Angeles</a> prevented the episode from being finished in time, breaking a streak of 240 episodes aired consecutively without ever missing a single deadline.<sup id=""cite_ref-1"" class=""reference""><a href=""#cite_note-1"">[1]</a></sup>
</p>","['Scott', 'Michael', 'Pete', 'Henrietta', 'Firkle']"
"https://en.wikipedia.org/wiki/Eat,_Pray,_Queef","<p>""<b>Eat, Pray, Queef</b>"" is the fourth episode of the <a href=""/wiki/South_Park_season_13"" title=""South Park season 13"">thirteenth season</a> of the American animated television series <i><a href=""/wiki/South_Park"" title=""South Park"">South Park</a></i>. The 185th overall episode of the series, it originally aired on <a href=""/wiki/Comedy_Central"" title=""Comedy Central"">Comedy Central</a> in the United States on April 1, 2009. In the episode, the men and boys of South Park became infuriated when the <a href=""/wiki/Fart"" class=""mw-redirect"" title=""Fart"">fart</a>-joke oriented <i><a href=""/wiki/Terrance_and_Phillip"" class=""mw-redirect"" title=""Terrance and Phillip"">Terrance and Phillip</a></i> show is replaced with the <i>Queef Sisters</i>, a show devoted to <a href=""/wiki/Vaginal_flatulence"" title=""Vaginal flatulence"">queef</a> jokes. The women and girls of South Park accuse them of holding a <a href=""/wiki/Sexism"" title=""Sexism"">sexist</a> <a href=""/wiki/Double_standard"" title=""Double standard"">double standard</a> when it comes to women queefing and men farting.
</p>","['Stan', 'Butters', 'Randy', 'Terrance and Phillip', 'Sharon', 'Shelley', 'Scott', 'Michael']"
https://en.wikipedia.org/wiki/Splatty_Tomato,"<p>""<b>Splatty Tomato</b>"" is the tenth episode and the <a href=""/wiki/Season_finale"" title=""Season finale"">season finale</a> of the <a href=""/wiki/South_Park_season_21"" title=""South Park season 21"">twenty-first season</a> of the American animated television series <i><a href=""/wiki/South_Park"" title=""South Park"">South Park</a></i>. The 287th overall episode of the series, it premiered on <a href=""/wiki/Comedy_Central"" title=""Comedy Central"">Comedy Central</a> in the United States on December 6, 2017.
</p>","['Stan', 'Kyle', 'Eric', 'Randy', 'Heidi', 'PC Principal', 'Strong Woman', 'Sharon', 'Ike', 'Stephen', 'Mayor']"
https://en.wikipedia.org/wiki/Mysterion_Rises,"<p>""<b>Mysterion Rises</b>"" is the twelfth episode of the <a href=""/wiki/South_Park_season_14"" title=""South Park season 14"">fourteenth season</a> of animated television series <i><a href=""/wiki/South_Park"" title=""South Park"">South Park</a></i>, and the 207th episode of the series overall. It aired on <a href=""/wiki/Comedy_Central"" title=""Comedy Central"">Comedy Central</a> on November 3, 2010,<sup id=""cite_ref-prnewswire_1-0"" class=""reference""><a href=""#cite_note-prnewswire-1"">[1]</a></sup> and is the second of a three-part arc that began with the episode ""<a href=""/wiki/Coon_2:_Hindsight"" title=""Coon 2: Hindsight"">Coon 2: Hindsight</a>"".
</p>","['Kyle', 'Eric', 'Kenny', 'Clyde']"
https://en.wikipedia.org/wiki/More_Crap,"<p>""<b>More Crap</b>"" is the ninth episode of the <a href=""/wiki/South_Park_season_11"" title=""South Park season 11"">eleventh season</a> of the animated television series <i><a href=""/wiki/South_Park"" title=""South Park"">South Park</a></i>, and the 162nd episode of the series overall. It was originally broadcast on <a href=""/wiki/Comedy_Central"" title=""Comedy Central"">Comedy Central</a> in the United States on October 10, 2007. In the episode, <a href=""/wiki/Randy_Marsh_(South_Park)"" title=""Randy Marsh (South Park)"">Randy Marsh</a> produces what is apparently ""the biggest <a href=""/wiki/Feces"" title=""Feces"">crap</a>"" ever taken, but his claims for the <a href=""/wiki/World_record"" title=""World record"">world record</a> are challenged.
</p>","['Stan', 'Kyle', 'Eric', 'Kenny', 'Randy', 'Sharon', 'Harrison', 'Mr. Hankey']"
https://en.wikipedia.org/wiki/Pinkeye_(South_Park),"<p>""<b>Pinkeye</b>"" is the seventh episode of the <a href=""/wiki/South_Park_season_1"" title=""South Park season 1"">first season</a> of the American animated television series <i><a href=""/wiki/South_Park"" title=""South Park"">South Park</a></i>. It first aired on <a href=""/wiki/Comedy_Central"" title=""Comedy Central"">Comedy Central</a> in the United States on October 29, 1997. In the episode, <a href=""/wiki/Kenny_McCormick"" title=""Kenny McCormick"">Kenny</a> is killed and brought back to life as a <a href=""/wiki/Zombie"" title=""Zombie"">zombie</a> through a freak accident, terrorizing South Park residents who believe that the rise of the living dead is an epidemic of ""<a href=""/wiki/Conjunctivitis"" title=""Conjunctivitis"">pinkeye</a>"".
</p>","['Stan', 'Kyle', 'Eric', 'Kenny', 'Liane', 'Wendy', 'Clyde', 'Craig', 'Bebe', 'Officer Barbrady', 'Big Gay Al', 'Mayor', 'Pip', 'Chef', 'Mr. Hankey', 'Michael']"
https://en.wikipedia.org/wiki/The_Entity_(South_Park),"<p>""<b>The Entity</b>"" is the 10th episode of the <a href=""/wiki/South_Park_season_5"" title=""South Park season 5"">fifth season</a> of the animated television series <i><a href=""/wiki/South_Park"" title=""South Park"">South Park</a></i>, and 76th episode of the series overall. ""The Entity"" originally aired in the <a href=""/wiki/United_States"" title=""United States"">United States</a> on November 21, 2001 on <a href=""/wiki/Comedy_Central"" title=""Comedy Central"">Comedy Central</a>. This episode introduces Kyle's cousin Kyle. Creators Trey Parker and Matt Stone have stated the story was inspired by the <a href=""/wiki/Segway_PT"" class=""mw-redirect"" title=""Segway PT"">Segway PT</a> and the general chaotic nature of airports at the time of the production, shortly following <a href=""/wiki/September_11_attacks"" title=""September 11 attacks"">9/11</a> and the <a href=""/wiki/Airline#Bailout"" title=""Airline"">2001 airline bailout</a>.<sup id=""cite_ref-commentary_1-0"" class=""reference""><a href=""#cite_note-commentary-1"">[1]</a></sup>
</p>","['Kyle', 'Eric', 'Kenny', 'Butters', 'Terrance and Phillip', 'Scott', 'Towelie']"
https://en.wikipedia.org/wiki/Big_Gay_Al%27s_Big_Gay_Boat_Ride,"<p>""<b>Big Gay Al's Big Gay Boat Ride</b>"" is the fourth episode of the <a href=""/wiki/South_Park_season_1"" title=""South Park season 1"">first season</a> of the American animated sitcom <i><a href=""/wiki/South_Park"" title=""South Park"">South Park</a></i>. It first aired on <a href=""/wiki/Comedy_Central"" title=""Comedy Central"">Comedy Central</a> in the United States on September 3, 1997. The episode was written by series co-founders <a href=""/wiki/Trey_Parker"" title=""Trey Parker"">Trey Parker</a> and <a href=""/wiki/Matt_Stone"" title=""Matt Stone"">Matt Stone</a>, and directed by Parker. In this episode, <a href=""/wiki/Stan_Marsh"" title=""Stan Marsh"">Stan</a>'s dog, Sparky, is revealed to be <a href=""/wiki/Gay"" title=""Gay"">gay</a> after humping a rival male dog. Under peer pressure, Stan tries to make him more masculine, and as a result, Sparky runs away and ends up at <a href=""/wiki/List_of_South_Park_characters#Big_Gay_Al"" title=""List of South Park characters"">Big Gay Al</a>'s Big Gay Animal Sanctuary. Stan comes to understand <a href=""/wiki/Homosexuality"" title=""Homosexuality"">homosexuality</a> and tries to make everyone in South Park accept it.
</p>","['Stan', 'Kyle', 'Eric', 'Kenny', 'Butters', 'Tolkien', 'Clyde', 'Jimbo', 'Karen', 'Stephen', 'Big Gay Al', 'Ned', 'Jesus', 'Pip', 'Chef', 'Mr. Hankey', 'Michael']"
https://en.wikipedia.org/wiki/Osama_bin_Laden_Has_Farty_Pants,"<p>""<b>Osama bin Laden Has Farty Pants</b>"" is the ninth episode in the <a href=""/wiki/South_Park_season_5"" title=""South Park season 5"">fifth season</a> of the American animated television series <i><a href=""/wiki/South_Park"" title=""South Park"">South Park</a></i>. The 74th episode of the series overall, it was the first <i>South Park</i> episode to premiere after the <a href=""/wiki/September_11_attacks"" title=""September 11 attacks"">September 11 attacks</a>, having originally aired on <a href=""/wiki/Comedy_Central"" title=""Comedy Central"">Comedy Central</a> in the United States on November 7, 2001. The story deals primarily with the <a href=""/wiki/Aftermath_of_the_September_11_attacks"" title=""Aftermath of the September 11 attacks"">aftermath of the attacks</a> and the <a href=""/wiki/War_in_Afghanistan_(2001%E2%80%932021)"" title=""War in Afghanistan (2001–2021)"">American invasion of Afghanistan</a>, as the boys come to face <a href=""/wiki/Osama_bin_Laden"" title=""Osama bin Laden"">Osama bin Laden</a> when they are mistakenly shipped to <a href=""/wiki/Islamic_Emirate_of_Afghanistan_(1996-2001)"" class=""mw-redirect"" title=""Islamic Emirate of Afghanistan (1996-2001)"">Afghanistan</a>.
</p>","['Stan', 'Kyle', 'Eric', 'Kenny', 'Butters', 'Randy', 'Terrance and Phillip', 'Sharon', 'Scott', 'Towelie']"
https://en.wikipedia.org/wiki/Medicinal_Fried_Chicken,"<p>""<b>Medicinal Fried Chicken</b>"" is the third episode of the <a href=""/wiki/South_Park_season_14"" title=""South Park season 14"">fourteenth season</a> of the American animated television series <i><a href=""/wiki/South_Park"" title=""South Park"">South Park</a></i>, and the 198th episode of the series overall. It originally aired on <a href=""/wiki/Comedy_Central"" title=""Comedy Central"">Comedy Central</a> in the United States on March 31, 2010. In the episode, the South Park <a href=""/wiki/KFC"" title=""KFC"">KFC</a> is replaced by a medical <a href=""/wiki/Marijuana_dispensary"" class=""mw-redirect"" title=""Marijuana dispensary"">marijuana dispensary</a>, and <a href=""/wiki/Eric_Cartman"" title=""Eric Cartman"">Cartman</a> gets involved in <a href=""/wiki/Underground_economy"" class=""mw-redirect"" title=""Underground economy"">black market</a> selling the KFC chicken. Meanwhile, <a href=""/wiki/Randy_Marsh_(South_Park)"" title=""Randy Marsh (South Park)"">Randy Marsh</a> gets a medical referral for marijuana by giving himself <a href=""/wiki/Testicular_cancer"" title=""Testicular cancer"">testicular cancer</a>, which makes his <a href=""/wiki/Testicles"" class=""mw-redirect"" title=""Testicles"">testicles</a> grow to grotesquely huge proportions.
</p>","['Kyle', 'Eric', 'Randy', 'Sharon', 'Pete']"
https://en.wikipedia.org/wiki/Proper_Condom_Use,"<p>""<b>Proper Condom Use</b>"" is the seventh episode of the <a href=""/wiki/South_Park_season_5"" title=""South Park season 5"">fifth season</a> of the animated television series <i><a href=""/wiki/South_Park"" title=""South Park"">South Park</a></i>, and the 72nd episode of the series overall. ""Proper Condom Use"" originally aired in the <a href=""/wiki/United_States"" title=""United States"">United States</a> on August 1, 2001 on <a href=""/wiki/Comedy_Central"" title=""Comedy Central"">Comedy Central</a>.
</p>","['Stan', 'Kyle', 'Eric', 'Kenny', 'Butters', 'Mr. Mackey', 'Terrance and Phillip', 'Scott', 'Towelie', 'Chef']"
https://en.wikipedia.org/wiki/South_Park_Is_Gay,"<p>""<b>South Park Is Gay!</b>"" is the eighth episode of the <a href=""/wiki/South_Park_season_7"" title=""South Park season 7"">seventh season</a> and the 104th overall episode of the American animated sitcom <i><a href=""/wiki/South_Park"" title=""South Park"">South Park</a></i>. It originally aired on <a href=""/wiki/Comedy_Central"" title=""Comedy Central"">Comedy Central</a> in the United States on October 22, 2003. In the episode, <a href=""/wiki/Kyle_Broflovski"" title=""Kyle Broflovski"">Kyle</a> struggles to understand a new <a href=""/wiki/Metrosexual"" title=""Metrosexual"">metrosexual</a> fad that has sprung around the men and boys of South Park and is the only one who does not want to conform to it. The episode features a parody of the TV show <i><a href=""/wiki/Queer_Eye_(2003_TV_series)"" title=""Queer Eye (2003 TV series)"">Queer Eye for the Straight Guy</a></i>.
</p>","['Stan', 'Kyle', 'Eric', 'Kenny', 'Randy', 'Craig', 'Mr. Slave', 'Pete']"
https://en.wikipedia.org/wiki/Credigree_Weed_St._Patrick%27s_Day_Special,"<p>""<b>Credigree Weed St. Patrick's Day Special</b>"" is the sixth episode and the <a href=""/wiki/Season_finale"" title=""Season finale"">season finale</a><sup id=""cite_ref-1"" class=""reference""><a href=""#cite_note-1"">[1]</a></sup> of the <a href=""/wiki/South_Park_season_25"" title=""South Park season 25"">twenty-fifth season</a> of the American animated television series <i><a href=""/wiki/South_Park"" title=""South Park"">South Park</a></i>. The 317th episode overall of the series, it premiered on <a href=""/wiki/Comedy_Central"" title=""Comedy Central"">Comedy Central</a> in the United States on March 16, 2022.<sup id=""cite_ref-2"" class=""reference""><a href=""#cite_note-2"">[2]</a></sup>
</p>","['Stan', 'Butters', 'Randy', 'Linda', 'Towelie']"
https://en.wikipedia.org/wiki/The_Passion_of_the_Jew,"<p>""<b>The Passion of the Jew</b>"" is the third episode of the <a href=""/wiki/South_Park_season_8"" title=""South Park season 8"">eighth season</a> and the 114th overall episode of the American animated series <i><a href=""/wiki/South_Park"" title=""South Park"">South Park</a></i>,  originally broadcast on <a href=""/wiki/Comedy_Central"" title=""Comedy Central"">Comedy Central</a> on March 31, 2004. Going by production order, it is the fourth episode of Season 8 instead of the third. It was written and directed by <a href=""/wiki/Trey_Parker"" title=""Trey Parker"">Trey Parker</a>, who, along with fellow series co-creator <a href=""/wiki/Matt_Stone"" title=""Matt Stone"">Matt Stone</a>, voiced most of the characters in the episode. ""The Passion of the Jew"" is a satirical critique of the media discourse and controversy surrounding <a href=""/wiki/Mel_Gibson"" title=""Mel Gibson"">Mel Gibson</a>'s 2004 film, <i><a href=""/wiki/The_Passion_of_the_Christ"" title=""The Passion of the Christ"">The Passion of the Christ</a></i>.
</p>","['Stan', 'Kyle', 'Kenny', 'Jesus', 'Father Maxi']"
https://en.wikipedia.org/wiki/Margaritaville_(South_Park),"<p>""<b>Margaritaville</b>"" is the third episode of the <a href=""/wiki/South_Park_season_13"" title=""South Park season 13"">thirteenth season</a> of the American animated television series <i><a href=""/wiki/South_Park"" title=""South Park"">South Park</a></i>. The 184th overall episode of the series, it originally aired on <a href=""/wiki/Comedy_Central"" title=""Comedy Central"">Comedy Central</a> in the United States on March 25, 2009, as an <a href=""/wiki/Easter"" title=""Easter"">Easter</a> special. The episode is a satire and commentary on the <a href=""/wiki/Late_2000s_recession"" class=""mw-redirect"" title=""Late 2000s recession"">global recession</a> affecting much of the industrialized world at the time of the episode's broadcast. <a href=""/wiki/Kyle_Broflovski"" title=""Kyle Broflovski"">Kyle Broflovski</a> is portrayed as a <a href=""/wiki/Jesus"" title=""Jesus"">Jesus</a>-like savior working to save the economy, and <a href=""/wiki/Stan_Marsh"" title=""Stan Marsh"">Stan Marsh</a> spends much of the episode trying to return a personal <a href=""/wiki/Jimmy_Buffett%27s_Margaritaville"" title=""Jimmy Buffett's Margaritaville"">Jimmy Buffett Margaritaville</a> machine.
</p>","['Stan', 'Kyle', 'Eric', 'Butters', 'Randy', 'Jimmy', 'Sharon', 'Jesus', 'Scott', 'Michael', 'Pete']"
https://en.wikipedia.org/wiki/Cartoon_Wars_Part_II,"<p>""<b>Cartoon Wars Part II</b>"" is the fourth episode in the <a href=""/wiki/South_Park_season_10"" title=""South Park season 10"">tenth season</a> of the American animated television series <i><a href=""/wiki/South_Park"" title=""South Park"">South Park</a></i>. The 143rd episode of the series overall, it first aired on <a href=""/wiki/Comedy_Central"" title=""Comedy Central"">Comedy Central</a> in the United States on April 12, 2006. Following ""<a href=""/wiki/Cartoon_Wars_Part_I"" title=""Cartoon Wars Part I"">Cartoon Wars Part I</a>"", it is the second part of a two-episode story-arc, which focuses on <a href=""/wiki/Eric_Cartman"" title=""Eric Cartman"">Cartman</a>'s efforts to get the television series <i><a href=""/wiki/Family_Guy"" title=""Family Guy"">Family Guy</a></i> cancelled by exploiting fears of retaliation by <a href=""/wiki/Muslim"" class=""mw-redirect"" title=""Muslim"">Muslims</a> to an upcoming <i>Family Guy</i> episode in which the <a href=""/wiki/Islam"" title=""Islam"">Islamic</a> prophet <a href=""/wiki/Muhammad"" title=""Muhammad"">Muhammad</a> will appear, in violation of <a href=""/wiki/Aniconism_in_Islam"" title=""Aniconism in Islam"">some interpretations of Muslim law</a>. <a href=""/wiki/Kyle_Broflovski"" title=""Kyle Broflovski"">Kyle</a> instead urges the president of <a href=""/wiki/Fox_Broadcasting_Company"" title=""Fox Broadcasting Company"">Fox</a>, the network airing <i>Family Guy</i>, to air the episode in an exercise of free speech.
</p>","['Stan', 'Kyle', 'Eric', 'Herbert', 'Terrance and Phillip', 'Ned', 'Jesus', 'Scott', 'Mayor', 'Santa', 'Chef', 'Satan', 'Pete']"
https://en.wikipedia.org/wiki/The_Poor_Kid,"<p>""<b>The Poor Kid</b>"" is the <a href=""/wiki/South_Park_season_15"" title=""South Park season 15"">fifteenth season</a> finale of the American animated television series <i><a href=""/wiki/South_Park"" title=""South Park"">South Park</a></i>, and the 223rd episode of the series overall. It first aired on <a href=""/wiki/Comedy_Central"" title=""Comedy Central"">Comedy Central</a> in the <a href=""/wiki/United_States"" title=""United States"">United States</a> on November 16, 2011. In the episode, <a href=""/wiki/Kenny_McCormick"" title=""Kenny McCormick"">Kenny McCormick</a> and his siblings are sent to a <a href=""/wiki/Foster_care"" title=""Foster care"">foster home</a> after police discover a <a href=""/wiki/Clandestine_chemistry"" title=""Clandestine chemistry"">meth lab</a> in their house. As a result, <a href=""/wiki/Eric_Cartman"" title=""Eric Cartman"">Eric Cartman</a> is left with feelings of loss, since he no longer has someone to ridicule for their poverty.<sup id=""cite_ref-1"" class=""reference""><a href=""#cite_note-1"">[1]</a></sup>
</p>","['Kyle', 'Eric', 'Kenny', 'Butters', 'Liane', 'Stuart', 'Carol', 'Karen']"
https://en.wikipedia.org/wiki/Pip_(South_Park),"<p>""<b>Pip</b>"" (also known as ""<b>Great Expectations</b>"") is the fourteenth episode in the <a href=""/wiki/South_Park_season_4"" title=""South Park season 4"">fourth season</a> of the American animated television series <i><a href=""/wiki/South_Park"" title=""South Park"">South Park</a></i>. The 62nd episode of the series overall, it first aired on <a href=""/wiki/Comedy_Central"" title=""Comedy Central"">Comedy Central</a> in the United States on November 29, 2000. Going by production order, it is the fifth episode of the fourth season instead of the fourteenth. The episode is a parody and comedic retelling of <a href=""/wiki/Charles_Dickens"" title=""Charles Dickens"">Charles Dickens</a>'s 1861 novel <i><a href=""/wiki/Great_Expectations"" title=""Great Expectations"">Great Expectations</a></i>, and stars the <i>South Park</i> character Pip, who assumes the role of <a href=""/wiki/Pip_(Great_Expectations)"" title=""Pip (Great Expectations)"">the protagonist of the novel</a>, who is his eponym. ""Pip"" features no other regular characters from the show. The story is narrated in a live action parody of the anthology television series <i><a href=""/wiki/Masterpiece_(TV_series)"" title=""Masterpiece (TV series)"">Masterpiece Theater</a></i>, with the narrator played by <a href=""/wiki/Malcolm_McDowell"" title=""Malcolm McDowell"">Malcolm McDowell</a>.
</p>","['Stan', 'Kyle', 'Eric', 'Herbert', 'Wendy', 'Terrance and Phillip', 'Timmy', 'Pip', 'Chef', 'Satan']"
"https://en.wikipedia.org/wiki/Merry_Christmas,_Charlie_Manson!","<p>""<b>Merry Christmas, Charlie Manson!</b>"" is the sixteenth episode of the <a href=""/wiki/South_Park_season_2"" title=""South Park season 2"">second season</a> of the American animated television series <i><a href=""/wiki/South_Park"" title=""South Park"">South Park</a></i>. The 29th episode of the series overall it originally aired on <a href=""/wiki/Comedy_Central"" title=""Comedy Central"">Comedy Central</a> in the United States on December 9, 1998. The episode was written by series co-creator <a href=""/wiki/Trey_Parker"" title=""Trey Parker"">Trey Parker</a> along with <a href=""/wiki/Nancy_M._Pimental"" class=""mw-redirect"" title=""Nancy M. Pimental"">Nancy M. Pimental</a> and was directed by <a href=""/wiki/Eric_Stough"" title=""Eric Stough"">Eric Stough</a>, in his directorial debut in the show and making it the first episode to not be directed by Parker or Stone.<sup id=""cite_ref-1"" class=""reference""><a href=""#cite_note-1"">[1]</a></sup>
</p>","['Stan', 'Kyle', 'Eric', 'Randy', 'Gerald', 'Terrance and Phillip', 'Sharon', 'Ike', 'Linda', 'Chef', 'Mr. Hankey']"
https://en.wikipedia.org/wiki/Not_Funny,"<p>""<b>Not Funny</b>"" is the ninth episode in the <a href=""/wiki/South_Park_(season_20)"" class=""mw-redirect"" title=""South Park (season 20)"">twentieth season</a> of the American animated television series <i><a href=""/wiki/South_Park"" title=""South Park"">South Park</a></i>. The 276th episode of the series overall, it originally aired on <a href=""/wiki/Comedy_Central"" title=""Comedy Central"">Comedy Central</a> in the United States on November 30, 2016.
</p>","['Stan', 'Kyle', 'Eric', 'Kenny', 'Butters', 'Gerald', 'Heidi', 'Ike', 'Mr. Slave', 'Sheila']"
https://en.wikipedia.org/wiki/Chef%27s_Chocolate_Salty_Balls,"<p>""<b>Chef's Chocolate Salty Balls</b>"" is the ninth episode of the <a href=""/wiki/South_Park_season_2"" title=""South Park season 2"">second season</a> of the American animated television series <i><a href=""/wiki/South_Park"" title=""South Park"">South Park</a></i>. The 22nd episode of the series overall, it originally aired on <a href=""/wiki/Comedy_Central"" title=""Comedy Central"">Comedy Central</a> in the United States on August 19, 1998. The episode was written by series co-creators <a href=""/wiki/Trey_Parker"" title=""Trey Parker"">Trey Parker</a> and <a href=""/wiki/Matt_Stone"" title=""Matt Stone"">Matt Stone</a>, along with <a href=""/wiki/Nancy_M._Pimental"" class=""mw-redirect"" title=""Nancy M. Pimental"">Nancy M. Pimental</a>, and directed by Parker.<sup id=""cite_ref-The_A.V._Club_1-0"" class=""reference""><a href=""#cite_note-The_A.V._Club-1"">[1]</a></sup>
</p>","['Stan', 'Kyle', 'Eric', 'Kenny', 'Wendy', 'Terrance and Phillip', 'Ike', 'Chef', 'Mr. Hankey']"
https://en.wikipedia.org/wiki/A_Nightmare_on_FaceTime,"<p>""<b>A Nightmare on FaceTime</b>"" is the twelfth episode of the <a href=""/wiki/South_Park_season_16"" title=""South Park season 16"">sixteenth season</a> of the American animated sitcom <i><a href=""/wiki/South_Park"" title=""South Park"">South Park</a></i>, and the 235th episode of the series overall. It premiered on <a href=""/wiki/Comedy_Central"" title=""Comedy Central"">Comedy Central</a> in the United States on October 24, 2012. In the story, aspects of which parody the 1980 film <i><a href=""/wiki/The_Shining_(film)"" title=""The Shining (film)"">The Shining</a></i>,<sup id=""cite_ref-McGee10242012_1-0"" class=""reference""><a href=""#cite_note-McGee10242012-1"">[1]</a></sup> <a href=""/wiki/Randy_and_Sharon_Marsh"" class=""mw-redirect"" title=""Randy and Sharon Marsh"">Randy Marsh</a> purchases a <a href=""/wiki/Blockbuster_LLC"" class=""mw-redirect"" title=""Blockbuster LLC"">Blockbuster</a> video store and demands that his reluctant family work in it on <a href=""/wiki/Halloween"" title=""Halloween"">Halloween</a> with him.
</p>","['Stan', 'Kyle', 'Eric', 'Randy', 'Sharon', 'Pete']"
https://en.wikipedia.org/wiki/Mexican_Joker,"<p>""<b>Mexican Joker</b>"" is the first episode of the <a href=""/wiki/South_Park_season_23"" title=""South Park season 23"">twenty-third season</a> of the American animated television series <i><a href=""/wiki/South_Park"" title=""South Park"">South Park</a></i>. The 298th episode overall of the series, it premiered on <a href=""/wiki/Comedy_Central"" title=""Comedy Central"">Comedy Central</a> in the United States on September 25, 2019.<sup id=""cite_ref-1"" class=""reference""><a href=""#cite_note-1"">[1]</a></sup><sup id=""cite_ref-2"" class=""reference""><a href=""#cite_note-2"">[2]</a></sup> The episode parodies <a href=""/wiki/U.S._Immigration_and_Customs_Enforcement#Detention_centers"" title=""U.S. Immigration and Customs Enforcement"">ICE detention centers</a> and the moral panic surrounding the 2019 film <i><a href=""/wiki/Joker_(2019_film)#Commentary"" title=""Joker (2019 film)"">Joker</a></i>.<sup id=""cite_ref-3"" class=""reference""><a href=""#cite_note-3"">[3]</a></sup>
</p>","['Stan', 'Kyle', 'Eric', 'Randy', 'Jimmy', 'Sharon', 'Stephen', 'Towelie', 'Bradley']"
https://en.wikipedia.org/wiki/Freak_Strike,"<p>""<b>Freak Strike</b>"" is the third episode of the sixth season of the <a href=""/wiki/Comedy_Central"" title=""Comedy Central"">Comedy Central</a> series <i><a href=""/wiki/South_Park"" title=""South Park"">South Park</a></i> and the 82nd episode of the series overall. Going by production order, it is the 1st episode of Season 6 instead of the 3rd episode. It originally aired on March 20, 2002.<sup id=""cite_ref-1"" class=""reference""><a href=""#cite_note-1"">[1]</a></sup> In the episode, the boys disguise Butters as an individual with testicles on his chin, allowing him to win them a prize on a television show. However, Butters only wins a round of putt-putt golf. The freaks who make a career of appearing on TV talk shows go on strike, and make Butters strike with them.
</p>","['Stan', 'Kyle', 'Eric', 'Butters', 'Terrance and Phillip', 'Bebe', 'Pete']"
https://en.wikipedia.org/wiki/The_Death_of_Eric_Cartman,"<p>""<b>The Death of Eric Cartman</b>"" is the sixth episode in the <a href=""/wiki/South_Park_season_9"" title=""South Park season 9"">ninth season</a> of the American animated television series <i><a href=""/wiki/South_Park"" title=""South Park"">South Park</a></i>. The 131st episode overall, it originally aired on <a href=""/wiki/Comedy_Central"" title=""Comedy Central"">Comedy Central</a> in the United States on April 13, 2005.
</p>","['Stan', 'Kyle', 'Eric', 'Kenny', 'Butters', 'Liane', 'Sharon', 'Stephen', 'Linda', 'Scott']"
https://en.wikipedia.org/wiki/Japanese_Toilet_(South_Park),"<p>""<b>Japanese Toilet</b>"" is the third episode of the <a href=""/wiki/South_Park_season_26"" title=""South Park season 26"">twenty-sixth season</a> of the American animated television series <i><a href=""/wiki/South_Park"" title=""South Park"">South Park</a></i>, and the 322nd episode of the series overall. Written and directed by series co-creator <a href=""/wiki/Trey_Parker"" title=""Trey Parker"">Trey Parker</a>, it premiered on <a href=""/wiki/Comedy_Central"" title=""Comedy Central"">Comedy Central</a> on March 1, 2023.<sup id=""cite_ref-1"" class=""reference""><a href=""#cite_note-1"">[1]</a></sup> The episode's plot centers upon <a href=""/wiki/Randy_and_Sharon_Marsh"" class=""mw-redirect"" title=""Randy and Sharon Marsh"">Randy Marsh</a>'s purchase of a luxurious <a href=""/wiki/Japanese_toilet"" class=""mw-redirect"" title=""Japanese toilet"">Japanese toilet</a>,<sup id=""cite_ref-2"" class=""reference""><a href=""#cite_note-2"">[2]</a></sup><sup id=""cite_ref-3"" class=""reference""><a href=""#cite_note-3"">[3]</a></sup> which puts him and his fourth-grader son <a href=""/wiki/Stan_Marsh"" title=""Stan Marsh"">Stan</a> in conflict with the rest of the townsfolk and the toilet paper industry.<sup id=""cite_ref-FutureForce_4-0"" class=""reference""><a href=""#cite_note-FutureForce-4"">[4]</a></sup>
</p>","['Stan', 'Randy', 'Jimmy', 'Sharon']"
https://en.wikipedia.org/wiki/Safe_Space_(South_Park),"<p>""<b>Safe Space</b>"" is the fifth episode of the <a href=""/wiki/South_Park_season_19"" title=""South Park season 19"">nineteenth season</a> and the 262nd overall episode of the animated television series <i><a href=""/wiki/South_Park"" title=""South Park"">South Park</a></i>, written and directed by series co-creator <a href=""/wiki/Trey_Parker"" title=""Trey Parker"">Trey Parker</a>. The episode premiered on <a href=""/wiki/Comedy_Central"" title=""Comedy Central"">Comedy Central</a> on October 21, 2015. It parodies the idea of <a href=""/wiki/Safe_spaces"" class=""mw-redirect"" title=""Safe spaces"">safe spaces</a> while also continuing the season-long lampoon on <a href=""/wiki/Political_correctness"" title=""Political correctness"">political correctness</a>.
</p>","['Kyle', 'Eric', 'Butters', 'Randy', 'Wendy', 'Craig', 'Tweek', 'PC Principal', 'Sharon']"
https://en.wikipedia.org/wiki/Time_to_Get_Cereal,"<p>""<b>Time to Get Cereal</b>"" is the sixth episode of the <a href=""/wiki/South_Park_season_22"" title=""South Park season 22"">twenty-second season</a> of the American animated television series <i><a href=""/wiki/South_Park"" title=""South Park"">South Park</a></i>. The 293rd overall episode of the series, it aired on <a href=""/wiki/Comedy_Central"" title=""Comedy Central"">Comedy Central</a> in the United States on November 7, 2018.
</p>","['Stan', 'Kyle', 'Eric', 'Kenny', 'Randy', 'Sharon', 'Jimbo', 'Ned', 'Satan']"
https://en.wikipedia.org/wiki/South_Park:_Post_Covid,"<p>""<b>South Park: Post Covid</b>"" is a 2021 American <a href=""/wiki/Adult_animation"" title=""Adult animation"">adult animated</a> <a href=""/wiki/Comedy_film"" title=""Comedy film"">comedy</a> <a href=""/wiki/Television_special"" title=""Television special"">television special</a> episode written and directed by <a href=""/wiki/Trey_Parker"" title=""Trey Parker"">Trey Parker</a>. It is the first in a series of <i><a href=""/wiki/South_Park"" title=""South Park"">South Park</a></i> television specials for the streaming service <a href=""/wiki/Paramount%2B"" title=""Paramount+"">Paramount+</a> and premiered on November 25, 2021.<sup id=""cite_ref-PostCOVID_1-0"" class=""reference""><a href=""#cite_note-PostCOVID-1"">[1]</a></sup><sup id=""cite_ref-reporter_2-0"" class=""reference""><a href=""#cite_note-reporter-2"">[2]</a></sup> It is also considered to be the 310th episode overall of the television series.
</p>","['Stan', 'Kyle', 'Eric', 'Kenny', 'Butters', 'Randy', 'Gerald', 'Liane', 'Mr. Mackey', 'Jimmy', 'Tolkien', 'Wendy', 'Clyde', 'Craig', 'Timmy', 'Tweek', 'Sharon', 'Mayor', 'Chef', 'Mr. Hankey', 'Sheila']"
https://en.wikipedia.org/wiki/200_(South_Park),"<p>""<b>200</b>"" is the fifth episode of the <a href=""/wiki/South_Park_season_14"" title=""South Park season 14"">fourteenth season</a> of the American animated television series <i><a href=""/wiki/South_Park"" title=""South Park"">South Park</a></i>, and the 200th overall episode of the series, hence the name. It originally aired on <a href=""/wiki/Comedy_Central"" title=""Comedy Central"">Comedy Central</a> in the United States on April 14, 2010. In the episode, <a href=""/wiki/Tom_Cruise"" title=""Tom Cruise"">Tom Cruise</a> and all other celebrities who have been mocked by residents of South Park in the past plan to file a <a href=""/wiki/Class_action"" title=""Class action"">class action</a> lawsuit against the town, but Cruise promises to end the lawsuit if the town can get the <a href=""/wiki/Islamic"" class=""mw-redirect"" title=""Islamic"">Islamic</a> prophet <a href=""/wiki/Muhammad"" title=""Muhammad"">Muhammad</a> to meet him.
</p>","['Stan', 'Kyle', 'Eric', 'Butters', 'Randy', 'Liane', 'Herbert', 'Jimmy', 'Terrance and Phillip', 'Timmy', 'Sharon', 'Jesus', 'Scott', 'Santa', 'Harrison', 'Chef', 'Satan', 'Michael', 'Pete']"
https://en.wikipedia.org/wiki/Cartman%27s_Silly_Hate_Crime_2000,"<p>""<b>Cartman's Silly Hate Crime 2000</b>"" is the second episode of the <a href=""/wiki/South_Park_season_4"" title=""South Park season 4"">fourth season</a> of the American animated television series <i><a href=""/wiki/South_Park"" title=""South Park"">South Park</a></i>, and the 50th episode of the series overall. It is the 1st episode in production order of Season 4. It first aired on <a href=""/wiki/Comedy_Central"" title=""Comedy Central"">Comedy Central</a> in the <a href=""/wiki/United_States"" title=""United States"">United States</a> on April 12, 2000, and is the second of a four-episode run of titles ending in ""2000"". The episode contains a general commentary against <a href=""/wiki/Hate_crime"" title=""Hate crime"">hate crime</a> legislation.
</p>","['Stan', 'Kyle', 'Eric', 'Kenny', 'Tolkien', 'Clyde', 'Timmy', 'Pip', 'Chef']"
https://en.wikipedia.org/wiki/Unfulfilled,"<p>""<b>Unfulfilled</b>"" is the ninth episode of the <a href=""/wiki/South_Park_season_22"" title=""South Park season 22"">twenty-second season</a> of the American animated television series <i><a href=""/wiki/South_Park"" title=""South Park"">South Park</a></i>. The 296th overall episode of the series, it premiered on <a href=""/wiki/Comedy_Central"" title=""Comedy Central"">Comedy Central</a> in the United States on December 5, 2018. It is the first of a two-part story arc that concludes the season.<sup id=""cite_ref-IGN_1-0"" class=""reference""><a href=""#cite_note-IGN-1"">[1]</a></sup>
</p>","['Stan', 'Kyle', 'Eric', 'Kenny', 'Butters', 'Stephen', 'Mayor']"
https://en.wikipedia.org/wiki/You_Have_0_Friends,"<p>""<b>You Have 0 Friends</b>"" is the fourth episode of the <a href=""/wiki/South_Park_season_14"" title=""South Park season 14"">14th season</a> of the American animated television series <i><a href=""/wiki/South_Park"" title=""South Park"">South Park</a></i>, and the 199th episode of the series overall. It first aired on <a href=""/wiki/Comedy_Central"" title=""Comedy Central"">Comedy Central</a> in the <a href=""/wiki/United_States"" title=""United States"">United States</a> on April 7, 2010. In the episode, <a href=""/wiki/Kyle_Broflovski"" title=""Kyle Broflovski"">Kyle Broflovski</a>, <a href=""/wiki/Eric_Cartman"" title=""Eric Cartman"">Eric Cartman</a> and <a href=""/wiki/Kenny_McCormick"" title=""Kenny McCormick"">Kenny McCormick</a> make <a href=""/wiki/Stan_Marsh"" title=""Stan Marsh"">Stan Marsh</a> a profile on the social networking service <a href=""/wiki/Facebook"" title=""Facebook"">Facebook</a> against his wishes, and he becomes extremely frustrated with everyone asking him for friend requests. After he gets fed up with Facebook, Stan tries to delete his profile but is sucked into a virtual Facebook world. Meanwhile, Kyle starts trying to find ways to get more friends on Facebook after he drastically starts losing them due to his befriending of a third-grade friendless Facebook user, whom everyone considers a loser.
</p>","['Stan', 'Kyle', 'Eric', 'Kenny', 'Randy', 'Wendy', 'Sharon', 'Bradley']"
https://en.wikipedia.org/wiki/Handicar,"<p>""<b>Handicar</b>"" is the fourth episode in the <a href=""/wiki/South_Park_season_18"" title=""South Park season 18"">eighteenth season</a> of the American animated television series <i><a href=""/wiki/South_Park"" title=""South Park"">South Park</a></i>. The 251st episode overall, it was written and directed by series co-creator <a href=""/wiki/Trey_Parker"" title=""Trey Parker"">Trey Parker</a>. The episode premiered on <a href=""/wiki/Comedy_Central"" title=""Comedy Central"">Comedy Central</a> in the United States on October 15, 2014. The episode lampoons several trends in the <a href=""/wiki/Automotive_industry"" title=""Automotive industry"">automotive industry</a> including  <a href=""/wiki/Uber"" title=""Uber"">Uber</a> and <a href=""/wiki/Lyft"" title=""Lyft"">Lyft</a>, <a href=""/wiki/Matthew_McConaughey"" title=""Matthew McConaughey"">Matthew McConaughey</a>'s <a href=""/wiki/Celebrity_endorsement"" class=""mw-redirect"" title=""Celebrity endorsement"">celebrity endorsement</a> of <a href=""/wiki/Lincoln_Motor_Company"" title=""Lincoln Motor Company"">Lincoln Motor Company</a>, and <a href=""/wiki/Tesla_Inc."" class=""mw-redirect"" title=""Tesla Inc."">Tesla</a>, culminating in a <i><a href=""/wiki/Wacky_Races_(1968_TV_series)"" title=""Wacky Races (1968 TV series)"">Wacky Races</a></i>-style marathon. It is the fourth episode (The other three being <i><a href=""/wiki/Not_Without_My_Anus"" class=""mw-redirect"" title=""Not Without My Anus"">Not Without My Anus</a></i>, <i><a href=""/wiki/Pip_(South_Park)"" title=""Pip (South Park)"">Pip</a></i>, and <i><a href=""/wiki/A_Million_Little_Fibers"" title=""A Million Little Fibers"">A Million Little Fibers</a></i>) not to feature any of the four main characters of <i>South Park</i>: <a href=""/wiki/Stan_Marsh"" title=""Stan Marsh"">Stan Marsh</a>, <a href=""/wiki/Kyle_Broflovski"" title=""Kyle Broflovski"">Kyle Broflovski</a>, <a href=""/wiki/Eric_Cartman"" title=""Eric Cartman"">Eric Cartman</a> and <a href=""/wiki/Kenny_McCormick"" title=""Kenny McCormick"">Kenny McCormick</a>.
</p>","['Stan', 'Kyle', 'Eric', 'Kenny', 'Gerald', 'Timmy', 'Pip', 'Nathan', 'Sheila']"
"https://en.wikipedia.org/wiki/Are_You_There_God%3F_It%27s_Me,_Jesus","<p>""<b>Are You There God? It's Me, Jesus</b>"" is the sixteenth and penultimate episode of the <a href=""/wiki/South_Park_season_3"" title=""South Park season 3"">third season</a> of the animated television series <i><a href=""/wiki/South_Park"" title=""South Park"">South Park</a></i> and the 47th episode of the series overall. It was originally broadcast on December 29, 1999. The episode's title and the theme of menstruation was inspired by the book <i><a href=""/wiki/Are_You_There_God%3F_It%27s_Me,_Margaret."" title=""Are You There God? It's Me, Margaret."">Are You There God? It's Me, Margaret.</a></i>
</p>","['Stan', 'Kyle', 'Eric', 'Kenny', 'Craig', 'Tweek', 'Jesus', 'Scott', 'Mr. Hankey']"
https://en.wikipedia.org/wiki/Erection_Day,"<p>""<b>Erection Day</b>"" is the seventh episode in the <a href=""/wiki/South_Park_season_9"" title=""South Park season 9"">ninth season</a> of the American animated television series <i><a href=""/wiki/South_Park"" title=""South Park"">South Park</a></i>. The 132nd episode overall, it first aired on <a href=""/wiki/Comedy_Central"" title=""Comedy Central"">Comedy Central</a> in the United States on April 20, 2005. In the episode, South Park Elementary's <a href=""/wiki/Talent_show"" title=""Talent show"">talent show</a> is coming up and everyone expects <a href=""/wiki/Jimmy_Valmer"" title=""Jimmy Valmer"">Jimmy</a> to win. Jimmy is elated to perform his <a href=""/wiki/Stand-up_comedy"" title=""Stand-up comedy"">stand-up comedy</a> routines, but begins to suffer from unwanted <a href=""/wiki/Erections"" class=""mw-redirect"" title=""Erections"">erections</a> and tries to resolve the problem.
</p>","['Stan', 'Eric', 'Butters', 'Jimmy', 'Officer Barbrady']"
https://en.wikipedia.org/wiki/The_Death_Camp_of_Tolerance,"<p>""<b>The Death Camp of Tolerance</b>"" is the fourteenth episode of the <a href=""/wiki/South_Park_season_6"" title=""South Park season 6"">sixth season</a> of the American animated television series <i><a href=""/wiki/South_Park"" title=""South Park"">South Park</a></i>, and the 93rd overall episode of the series. It originally aired on <a href=""/wiki/Comedy_Central"" title=""Comedy Central"">Comedy Central</a> in the United States on November 20, 2002.
</p>","['Stan', 'Kyle', 'Eric', 'Kenny', 'Butters', 'Mr. Mackey', 'Terrance and Phillip', 'Bebe', 'Mr. Slave', 'Chef']"
https://en.wikipedia.org/wiki/Stanley%27s_Cup,"<p>""<b>Stanley's Cup</b>"" is the fourteenth and final episode in the <a href=""/wiki/South_Park_season_10"" title=""South Park season 10"">tenth season</a> of the American animated television series <i><a href=""/wiki/South_Park"" title=""South Park"">South Park</a></i>. The 153rd episode of the series overall, it originally aired on <a href=""/wiki/Comedy_Central"" title=""Comedy Central"">Comedy Central</a> in the United States on November 15, 2006. In the episode, <a href=""/wiki/Stan_Marsh"" title=""Stan Marsh"">Stan</a> is forced to become the coach of a pee-wee hockey team. Written and directed by series co-creator <a href=""/wiki/Trey_Parker"" title=""Trey Parker"">Trey Parker</a>, the episode parodies the 1992 film <i><a href=""/wiki/The_Mighty_Ducks_(film)"" title=""The Mighty Ducks (film)"">The Mighty Ducks</a></i> and <i><a href=""/wiki/BASEketball"" title=""BASEketball"">BASEketball</a></i>.<sup id=""cite_ref-IGN_review_1-0"" class=""reference""><a href=""#cite_note-IGN_review-1"">[1]</a></sup>
</p>","['Stan', 'Kyle', 'Randy', 'Ike', 'Karen', 'Chef']"
https://en.wikipedia.org/wiki/Fantastic_Easter_Special,"<p>""<b>Fantastic Easter Special</b>"" is the fifth episode of the <a href=""/wiki/South_Park_season_11"" title=""South Park season 11"">eleventh season</a> of the American animated television series <i><a href=""/wiki/South_Park"" title=""South Park"">South Park</a></i>, and the 158th episode of the series overall. It first aired on <a href=""/wiki/Comedy_Central"" title=""Comedy Central"">Comedy Central</a> in the <a href=""/wiki/United_States"" title=""United States"">United States</a> on April 4, 2007. The episode parodies <i><a href=""/wiki/The_Da_Vinci_Code"" title=""The Da Vinci Code"">The Da Vinci Code</a></i>. ""Fantastic Easter Special"" was written by series co-creator <a href=""/wiki/Trey_Parker"" title=""Trey Parker"">Trey Parker</a> and is rated <a href=""/wiki/TV_Parental_Guidelines"" title=""TV Parental Guidelines"">TV-MA LV</a> in the United States.
</p>","['Stan', 'Kyle', 'Eric', 'Randy', 'Jesus', 'Pete']"
https://en.wikipedia.org/wiki/The_City_Part_of_Town,"<p>""<b>The City Part of Town</b>"" is the third episode of the <a href=""/wiki/South_Park_season_19"" title=""South Park season 19"">nineteenth season</a> and the 260th overall episode of the animated television series <i><a href=""/wiki/South_Park"" title=""South Park"">South Park</a></i>, written and directed by series co-creator <a href=""/wiki/Trey_Parker"" title=""Trey Parker"">Trey Parker</a>. The episode premiered on <a href=""/wiki/Comedy_Central"" title=""Comedy Central"">Comedy Central</a> on September 30, 2015. The episode primarily tackles <a href=""/wiki/Gentrification"" title=""Gentrification"">gentrification</a> and continues the season-long parody of <a href=""/wiki/Political_correctness"" title=""Political correctness"">political correctness</a>.
</p>","['Kenny', 'Randy', 'Jimmy', 'Craig', 'Tweek', 'PC Principal', 'Sharon', 'Mayor']"
https://en.wikipedia.org/wiki/The_Ring_(South_Park),"<p>""<b>The Ring</b>"" is the <a href=""/wiki/South_Park_season_13"" title=""South Park season 13"">thirteenth season</a> premiere of the American animated television series <i><a href=""/wiki/South_Park"" title=""South Park"">South Park</a></i>. The 182nd overall episode of the series, it first aired on <a href=""/wiki/Comedy_Central"" title=""Comedy Central"">Comedy Central</a> in the United States on March 11, 2009. In the episode, <a href=""/wiki/Kenny_McCormick"" title=""Kenny McCormick"">Kenny</a> and his new girlfriend are encouraged by the <a href=""/wiki/Jonas_Brothers"" title=""Jonas Brothers"">Jonas Brothers</a> to wear <a href=""/wiki/Purity_rings"" class=""mw-redirect"" title=""Purity rings"">purity rings</a>, which is secretly a marketing tactic by <a href=""/wiki/The_Walt_Disney_Company"" title=""The Walt Disney Company"">Disney</a> to sell sex to young girls.
</p>","['Stan', 'Kyle', 'Eric', 'Kenny', 'Butters', 'Jimmy', 'Carol', 'Michael']"
https://en.wikipedia.org/wiki/Cartman%27s_Mom_Is_Still_a_Dirty_Slut,"<p>""<b>Cartman's Mom Is Still a Dirty Slut</b>"" is the second episode of the <a href=""/wiki/South_Park_season_2"" title=""South Park season 2"">second 
season</a> of the American animated television series <i><a href=""/wiki/South_Park"" title=""South Park"">South Park</a></i>. The 15th episode of the series overall, it premiered on <a href=""/wiki/Comedy_Central"" title=""Comedy Central"">Comedy Central</a> in the <a href=""/wiki/United_States"" title=""United States"">United States</a> on April 22, 1998. The episode concludes the storyline of the <a href=""/wiki/South_Park_season_1"" title=""South Park season 1"">season one</a> finale ""<a href=""/wiki/Cartman%27s_Mom_Is_a_Dirty_Slut"" title=""Cartman's Mom Is a Dirty Slut"">Cartman's Mom Is a Dirty Slut</a>""; <a href=""/wiki/List_of_recurring_South_Park_characters#Dr._Alphonse_Mephesto_and_Kevin"" class=""mw-redirect"" title=""List of recurring South Park characters"">Mephesto</a> is suddenly shot, just as he is about to reveal the identity of <a href=""/wiki/Eric_Cartman"" title=""Eric Cartman"">Eric Cartman</a>'s father. The four boys and <a href=""/wiki/Chef_(South_Park)"" title=""Chef (South Park)"">Chef</a> rush him to Hell's Pass Hospital while the town of South Park experiences a massive blizzard.
</p>","['Eric', 'Kenny', 'Liane', 'Terrance and Phillip', 'Ike', 'Scott', 'Chef']"
https://en.wikipedia.org/wiki/City_on_the_Edge_of_Forever_(South_Park),"<p>""<b>City on the Edge of Forever</b>"" (also known as ""<b>Flashbacks</b>"") is the seventh episode of the <a href=""/wiki/South_Park_season_2"" title=""South Park season 2"">second season</a> of the American animated television series <i><a href=""/wiki/South_Park"" title=""South Park"">South Park</a></i>. The 20th episode of the series overall, it originally aired on <a href=""/wiki/Comedy_Central"" title=""Comedy Central"">Comedy Central</a> in the United States on June 17, 1998. The episode was written by series co-creator <a href=""/wiki/Trey_Parker"" title=""Trey Parker"">Trey Parker</a>, along with <a href=""/wiki/Nancy_M._Pimental"" class=""mw-redirect"" title=""Nancy M. Pimental"">Nancy M. Pimental</a>, and directed by Parker. It guest stars <a href=""/wiki/Henry_Winkler"" title=""Henry Winkler"">Henry Winkler</a>, <a href=""/wiki/Jay_Leno"" title=""Jay Leno"">Jay Leno</a>, and <a href=""/wiki/Brent_Musburger"" title=""Brent Musburger"">Brent Musburger</a>. In the episode, the boys reminisce about past experiences as their school bus is left teetering on the edge of a cliff. <a href=""/wiki/List_of_staff_at_South_Park_Elementary#Ms._Crabtree"" class=""mw-redirect"" title=""List of staff at South Park Elementary"">Ms. Crabtree</a> leaves to seek help, but forgets about the children when she meets a truck driver named Marcus, and pursues a career as a stand-up comedian.<sup id=""cite_ref-The_A.V._Club_1-0"" class=""reference""><a href=""#cite_note-The_A.V._Club-1"">[1]</a></sup>
</p>","['Stan', 'Kyle', 'Eric', 'Kenny', 'Mr. Mackey', 'Terrance and Phillip', 'Ike', 'Chef']"
https://en.wikipedia.org/wiki/Trapper_Keeper_(South_Park),"<p>""<b>Trapper Keeper</b>"" is the twelfth episode of the <a href=""/wiki/South_Park_season_4"" title=""South Park season 4"">fourth season</a> of the animated television series <i><a href=""/wiki/South_Park"" title=""South Park"">South Park</a></i>, and the 60th episode of the series overall. It is the 13th episode in production order of Season 4. It originally aired on <a href=""/wiki/Comedy_Central"" title=""Comedy Central"">Comedy Central</a> in the <a href=""/wiki/United_States"" title=""United States"">United States</a> on November 15, 2000. In the episode, a man from the future wants <a href=""/wiki/Eric_Cartman"" title=""Eric Cartman"">Cartman's</a> new <a href=""/wiki/Trapper_Keeper"" title=""Trapper Keeper"">Trapper Keeper</a>, while <a href=""/wiki/Mr._Garrison"" title=""Mr. Garrison"">Mr. Garrison</a>'s kindergarten class holds an election for class president with confusing results. The Trapper Keeper storyline is an allusion to the <a href=""/wiki/Terminator_(franchise)"" title=""Terminator (franchise)""><i>Terminator</i> films</a> as well as the anime movie <i><a href=""/wiki/Akira_(1988_film)"" title=""Akira (1988 film)"">Akira</a></i>. The subplot with the class president election is a parody of the <a href=""/wiki/2000_United_States_presidential_election"" title=""2000 United States presidential election"">2000 United States presidential election</a> and the controversy surrounding its outcome. <a href=""/wiki/Kief_Davidson"" title=""Kief Davidson"">Kief Davidson</a> plays a guest role, voicing the kindergarteners.
</p>","['Stan', 'Kyle', 'Eric', 'Kenny', 'Liane', 'Herbert', 'Timmy', 'Ike', 'Stuart', 'Officer Barbrady', 'Towelie', 'Pip', 'Chef']"
https://en.wikipedia.org/wiki/Le_Petit_Tourette,"<p>""<b>Le Petit Tourette</b>"" (<style data-mw-deduplicate=""TemplateStyles:r1177148991"">.mw-parser-output .IPA-label-small{font-size:85%}.mw-parser-output .references .IPA-label-small,.mw-parser-output .infobox .IPA-label-small,.mw-parser-output .navbox .IPA-label-small{font-size:100%}</style><span class=""IPA-label IPA-label-small"">French pronunciation:</span> <span class=""IPA nowrap"" lang=""fr-Latn-fonipa""><a href=""/wiki/Help:IPA/French"" title=""Help:IPA/French"">[lə<span class=""wrap""> </span>pə.ti<span class=""wrap""> </span>tuʁɛt]</a></span>; meaning ""The Little Tourette"") is the eighth episode of the <a href=""/wiki/South_Park_season_11"" title=""South Park season 11"">eleventh season</a> of the animated television series <i><a href=""/wiki/South_Park"" title=""South Park"">South Park</a></i>, and the 161st episode overall. It first aired on <a href=""/wiki/Comedy_Central"" title=""Comedy Central"">Comedy Central</a> in the <a href=""/wiki/United_States"" title=""United States"">United States</a> on October 3, 2007. This episode marked the beginning of the second half of the eleventh season.<sup id=""cite_ref-1"" class=""reference""><a href=""#cite_note-1"">[1]</a></sup> In the episode, <a href=""/wiki/Eric_Cartman"" title=""Eric Cartman"">Eric Cartman</a> pretends to have <a href=""/wiki/Tourette_syndrome"" title=""Tourette syndrome"">Tourette syndrome</a> (TS) so that he can say whatever he wants without getting into trouble. It eventually leads to trouble and he ends up saying things that he would never say. The episode's title is a play on the title of <a href=""/wiki/Jean-Luc_Godard"" title=""Jean-Luc Godard"">Jean-Luc Godard</a>'s 1963 film <i><a href=""/wiki/Le_Petit_Soldat"" class=""mw-redirect"" title=""Le Petit Soldat"">Le Petit Soldat</a></i>.
</p>","['Kyle', 'Eric', 'Gerald', 'Liane', 'Craig', 'Sheila']"
https://en.wikipedia.org/wiki/Coon_vs._Coon_and_Friends,"<p>""<b>Coon vs. Coon and Friends</b>"" is the thirteenth episode of the <a href=""/wiki/South_Park_season_14"" title=""South Park season 14"">fourteenth season</a> and the 208th overall episode of <a href=""/wiki/Comedy_Central"" title=""Comedy Central"">Comedy Central</a>'s series <i><a href=""/wiki/South_Park"" title=""South Park"">South Park</a></i>. It originally aired on November 10, 2010; and was written and directed by series co-creator <a href=""/wiki/Trey_Parker"" title=""Trey Parker"">Trey Parker</a>.
</p>","['Eric', 'Kenny', 'Bradley']"
https://en.wikipedia.org/wiki/The_Worldwide_Privacy_Tour,"<p>""<b>The Worldwide Privacy Tour</b>""<sup id=""cite_ref-1"" class=""reference""><a href=""#cite_note-1"">[a]</a></sup> is the second episode of the <a href=""/wiki/South_Park_season_26"" title=""South Park season 26"">twenty-sixth season</a> of the American animated television series <i><a href=""/wiki/South_Park"" title=""South Park"">South Park</a></i>, and the 321st episode of the series overall. The episode was first announced on February 13, 2023, and premiered on February 15, 2023.<sup id=""cite_ref-BleedingCool_2-0"" class=""reference""><a href=""#cite_note-BleedingCool-2"">[1]</a></sup> A parody of <a href=""/wiki/Prince_Harry,_Duke_of_Sussex"" title=""Prince Harry, Duke of Sussex"">Prince Harry, Duke of Sussex</a>, and <a href=""/wiki/Meghan,_Duchess_of_Sussex"" title=""Meghan, Duchess of Sussex"">Meghan, Duchess of Sussex</a>'s decision to ""step back as 'senior' members of the <a href=""/wiki/British_royal_family"" title=""British royal family"">Royal Family</a>""<sup id=""cite_ref-SR1_3-0"" class=""reference""><a href=""#cite_note-SR1-3"">[2]</a></sup> and their subsequent <a href=""/wiki/Megxit#Sussex_Royal"" title=""Megxit"">rebranding</a>,<sup id=""cite_ref-4"" class=""reference""><a href=""#cite_note-4"">[3]</a></sup><sup id=""cite_ref-5"" class=""reference""><a href=""#cite_note-5"">[4]</a></sup> the episode depicts a visit to the town of South Park by the Prince of Canada and his wife, who say they are seeking privacy and seclusion,<sup id=""cite_ref-BleedingCool_2-1"" class=""reference""><a href=""#cite_note-BleedingCool-2"">[1]</a></sup> which brings them into conflict with fourth grader <a href=""/wiki/Kyle_Broflovski"" title=""Kyle Broflovski"">Kyle Broflovski</a>.
</p>","['Kyle', 'Butters', 'Bebe', 'Ike']"
https://en.wikipedia.org/wiki/Canada_on_Strike,"<p>""<b>Canada on Strike</b>"" is the fourth episode in the <a href=""/wiki/South_Park_season_12"" title=""South Park season 12"">twelfth season</a> of the American animated television series <i><a href=""/wiki/South_Park"" title=""South Park"">South Park</a></i>.<sup id=""cite_ref-South_Park_Studios_1-0"" class=""reference""><a href=""#cite_note-South_Park_Studios-1"">[1]</a></sup> The 171st episode of the series overall, it first aired on <a href=""/wiki/Comedy_Central"" title=""Comedy Central"">Comedy Central</a> in the United States on April 2, 2008. In the episode, the nation of Canada, feeling disrespected by the rest of the world, goes on a general strike, demanding money, spurring the boys to raise money by creating a <a href=""/wiki/Viral_video"" title=""Viral video"">viral video</a>.
</p>","['Kyle', 'Butters', 'Mr. Mackey', 'Terrance and Phillip', 'Ike', 'Stephen']"
https://en.wikipedia.org/wiki/Free_Hat,"<p>""<b>Free Hat</b>"" is the ninth  episode of the <a href=""/wiki/South_Park_season_6"" title=""South Park season 6"">sixth season</a> of the American <a href=""/wiki/Animated_cartoon"" class=""mw-redirect"" title=""Animated cartoon"">animated television series</a> <i><a href=""/wiki/South_Park"" title=""South Park"">South Park</a></i>.  The 88th overall episode of the series, it first aired on <a href=""/wiki/Comedy_Central"" title=""Comedy Central"">Comedy Central</a> in the United States on July 10, 2002. The episode was written by series co-creator <a href=""/wiki/Trey_Parker"" title=""Trey Parker"">Trey Parker</a>, and was originally rated <a href=""/wiki/TV-MA"" class=""mw-redirect"" title=""TV-MA"">TV-MA</a> in the United States; it was re-rated <a href=""/wiki/TV-14"" class=""mw-redirect"" title=""TV-14"">TV-14</a> in 2020.
</p>","['Stan', 'Kyle', 'Eric', 'Terrance and Phillip', 'Tweek', 'Bebe', 'Pete']"
https://en.wikipedia.org/wiki/Awesom-O,"<p>""<b>Awesom-O</b>"" is the fifth episode in the <a href=""/wiki/South_Park_season_8"" title=""South Park season 8"">eighth season</a> of the American animated television series <i><a href=""/wiki/South_Park"" title=""South Park"">South Park</a></i>. The 116th episode overall, the second in production order of Season 8 instead of the fifth, it originally aired on <a href=""/wiki/Comedy_Central"" title=""Comedy Central"">Comedy Central</a> in the United States on April 14, 2004. The episode was written and directed by series co-creator <a href=""/wiki/Trey_Parker"" title=""Trey Parker"">Trey Parker</a>.
</p>","['Eric', 'Butters', 'Pete']"
https://en.wikipedia.org/wiki/Insecurity_(South_Park),"<p>""<b>Insecurity</b>"" is the tenth episode of the <a href=""/wiki/South_Park_season_16"" title=""South Park season 16"">sixteenth season</a> of the American animated sitcom <i><a href=""/wiki/South_Park"" title=""South Park"">South Park</a></i>, and the 233rd episode of the series overall. It aired on <a href=""/wiki/Comedy_Central"" title=""Comedy Central"">Comedy Central</a> in the <a href=""/wiki/United_States"" title=""United States"">United States</a> on October 10, 2012.<sup id=""cite_ref-SouthParkStudios_1-0"" class=""reference""><a href=""#cite_note-SouthParkStudios-1"">[1]</a></sup>
</p>","['Stan', 'Kyle', 'Eric', 'Randy', 'Gerald', 'Sharon', 'Ike', 'Stephen', 'Sheila']"
https://en.wikipedia.org/wiki/Red_Hot_Catholic_Love,"<p>""<b>Red Hot Catholic Love</b>"" is the 87th episode of the <a href=""/wiki/Comedy_Central"" title=""Comedy Central"">Comedy Central</a> series <i><a href=""/wiki/South_Park"" title=""South Park"">South Park</a></i>. It originally aired on July 3, 2002. It was selected No. 2 on the ""10 South Parks that Changed the World"" list,<sup id=""cite_ref-1"" class=""reference""><a href=""#cite_note-1"">[1]</a></sup> and was also part of ""South Park's Dirty Dozen"".<sup id=""cite_ref-2"" class=""reference""><a href=""#cite_note-2"">[2]</a></sup> In the episode, Father Maxi travels to the <a href=""/wiki/Holy_See"" title=""Holy See"">Vatican</a> to confront the growing problem of <a href=""/wiki/Catholic_Church_sexual_abuse_cases"" title=""Catholic Church sexual abuse cases"">Catholic priests molesting children</a>. Meanwhile, Cartman discovers that it is possible to <a href=""/wiki/Fecal_vomiting"" title=""Fecal vomiting"">defecate from the mouth</a>.
</p>","['Stan', 'Kyle', 'Eric', 'Randy', 'Terrance and Phillip', 'Bebe', 'Jesus', 'Father Maxi', 'Pete']"
https://en.wikipedia.org/wiki/Bloody_Mary_(South_Park),"<p>""<b>Bloody Mary</b>"" is the fourteenth episode in the <a href=""/wiki/South_Park_season_9"" title=""South Park season 9"">ninth season</a> of the American animated television series <i><a href=""/wiki/South_Park"" title=""South Park"">South Park</a></i>. The 139th overall episode of the series, it originally aired on <a href=""/wiki/Comedy_Central"" title=""Comedy Central"">Comedy Central</a> in the United States on December 7, 2005. In the episode, <a href=""/wiki/Randy_and_Sharon_Marsh"" class=""mw-redirect"" title=""Randy and Sharon Marsh"">Randy</a> loses his driver's license for <a href=""/wiki/Driving_under_the_influence"" title=""Driving under the influence"">driving under the influence</a> and is ordered to attend <a href=""/wiki/Alcoholics_Anonymous"" title=""Alcoholics Anonymous"">Alcoholics Anonymous</a> meetings, where he becomes convinced that <a href=""/wiki/Alcoholism"" title=""Alcoholism"">alcoholism</a> is a potentially fatal disease. Meanwhile, a statue of the <a href=""/wiki/Mary_(mother_of_Jesus)"" class=""mw-redirect"" title=""Mary (mother of Jesus)"">Virgin Mary</a> starts bleeding ""out its ass"" and Randy believes that he can be ""cured"" if it bleeds on him.
</p>","['Stan', 'Kyle', 'Eric', 'Butters', 'Randy', 'Sharon', 'Ike', 'Jesus', 'Chef']"
https://en.wikipedia.org/wiki/Royal_Pudding,"<p>""<b>Royal Pudding</b>"" is the third episode of the <a href=""/wiki/South_Park_season_15"" title=""South Park season 15"">fifteenth season</a> of the American animated television series <i><a href=""/wiki/South_Park"" title=""South Park"">South Park</a></i> and 212th episode of the series overall. ""Royal Pudding"" premiered in the <a href=""/wiki/United_States"" title=""United States"">United States</a> on <a href=""/wiki/Comedy_Central"" title=""Comedy Central"">Comedy Central</a> on May 11, 2011.<sup id=""cite_ref-1"" class=""reference""><a href=""#cite_note-1"">[1]</a></sup> In the episode, which parodies the 2011 <a href=""/wiki/Wedding_of_Prince_William_and_Catherine_Middleton"" title=""Wedding of Prince William and Catherine Middleton"">wedding of Prince William and Catherine Middleton</a>,<sup id=""cite_ref-2"" class=""reference""><a href=""#cite_note-2"">[2]</a></sup> the Prince of Canada's bride is abducted at the altar, leading <a href=""/wiki/Ike_Broflovski"" class=""mw-redirect"" title=""Ike Broflovski"">Ike Broflovski</a> to answer the call to rescue her. ""Royal Pudding"" was written and directed by series co-creator <a href=""/wiki/Trey_Parker"" title=""Trey Parker"">Trey Parker</a> and was rated <a href=""/wiki/TV-MA"" class=""mw-redirect"" title=""TV-MA"">TV-MA</a> L in the United States. The episode aired twelve days after the wedding.
</p>","['Kyle', 'Butters', 'Mr. Mackey', 'Ike', 'Scott', 'Ugly Bob', 'Chef']"
"https://en.wikipedia.org/wiki/Make_Love,_Not_Warcraft","<p>""<b>Make Love, Not Warcraft</b>"" is the eighth episode in the <a href=""/wiki/South_Park_season_10"" title=""South Park season 10"">tenth season</a> of the American animated television series <i><a href=""/wiki/South_Park"" title=""South Park"">South Park</a></i>.<sup id=""cite_ref-episode_eight_1-0"" class=""reference""><a href=""#cite_note-episode_eight-1"">[1]</a></sup> The 147th episode overall, it first aired on <a href=""/wiki/Comedy_Central"" title=""Comedy Central"">Comedy Central</a> in the United States on October 4, 2006. In the episode, named in a play on words after the <a href=""/wiki/1960s_counterculture"" class=""mw-redirect"" title=""1960s counterculture"">1960s counterculture</a>  slogan ""<a href=""/wiki/Make_love,_not_war"" title=""Make love, not war"">Make love, not war</a>"", <a href=""/wiki/Eric_Cartman"" title=""Eric Cartman"">Cartman</a>, <a href=""/wiki/Kyle_Broflovski"" title=""Kyle Broflovski"">Kyle</a>, <a href=""/wiki/Stan_Marsh"" title=""Stan Marsh"">Stan</a>, and <a href=""/wiki/Kenny_McCormick"" title=""Kenny McCormick"">Kenny</a> enjoy playing the popular <a href=""/wiki/Massively_multiplayer_online_role-playing_game"" title=""Massively multiplayer online role-playing game"">massively multiplayer online role-playing game</a> <i><a href=""/wiki/World_of_Warcraft"" title=""World of Warcraft"">World of Warcraft</a></i>. When a high-level player goes around <a href=""/wiki/Player_Versus_Player#Player_killing"" class=""mw-redirect"" title=""Player Versus Player"">killing other players</a> in the game, they start playing the game every day to try to stop him. The episode was written and directed by series co-creator <a href=""/wiki/Trey_Parker"" title=""Trey Parker"">Trey Parker</a>. In 2015, he and co-creator <a href=""/wiki/Matt_Stone"" title=""Matt Stone"">Matt Stone</a> listed it as their third-favorite episode of the series.
</p>","['Stan', 'Kyle', 'Eric', 'Kenny', 'Butters', 'Randy', 'Sharon', 'Chef', 'Michael']"
https://en.wikipedia.org/wiki/Up_the_Down_Steroid,"<p>""<b>Up the Down Steroid</b>"" is the second episode in the <a href=""/wiki/South_Park_season_8"" title=""South Park season 8"">eighth season</a> of the American animated television series <i><a href=""/wiki/South_Park"" title=""South Park"">South Park</a></i>, and the 113th episode of the series overall. Going by production order, it is the second episode of Season 8 instead of third. It originally aired on <a href=""/wiki/Comedy_Central"" title=""Comedy Central"">Comedy Central</a> in the United States on March 24, 2004. In the episode, <a href=""/wiki/Jimmy_Valmer"" title=""Jimmy Valmer"">Jimmy</a> enters the <a href=""/wiki/Special_Olympics"" title=""Special Olympics"">special Olympics</a> but starts using steroids to improve his performance. <a href=""/wiki/Eric_Cartman"" title=""Eric Cartman"">Cartman</a>, believing he will have an advantage over the other children, disguises himself as handicapped so he can enter and win the cash prize. The title of the episode is a parody of the book <i><a href=""/wiki/Up_the_Down_Staircase"" title=""Up the Down Staircase"">Up the Down Staircase</a></i>.<sup id=""cite_ref-commentary_1-0"" class=""reference""><a href=""#cite_note-commentary-1"">[1]</a></sup>
</p>","['Stan', 'Kyle', 'Eric', 'Mr. Mackey', 'Jimmy', 'Timmy', 'Pete', 'Nathan']"
https://en.wikipedia.org/wiki/Insheeption,"<p>""<b>Insheeption</b>"" (<span class=""rt-commentedText nowrap""><span class=""IPA nopopups noexcerpt"" lang=""en-fonipa""><a href=""/wiki/Help:IPA/English"" title=""Help:IPA/English"">/<span style=""border-bottom:1px dotted""><span title=""/ɪ/: 'i' in 'kit'"">ɪ</span><span title=""'n' in 'nigh'"">n</span><span title=""/ˈ/: primary stress follows"">ˈ</span><span title=""/ʃ/: 'sh' in 'shy'"">ʃ</span><span title=""/iː/: 'ee' in 'fleece'"">iː</span><span title=""'p' in 'pie'"">p</span><span title=""/ʃ/: 'sh' in 'shy'"">ʃ</span><span title=""/ən/: 'on' in 'button'"">ən</span></span>/</a></span></span>) is the tenth episode of the <a href=""/wiki/South_Park_season_14"" title=""South Park season 14"">fourteenth season</a> of the American animated television series <i><a href=""/wiki/South_Park"" title=""South Park"">South Park</a></i>, and the 205th episode of the series overall. It premiered October 20, 2010 on <a href=""/wiki/Comedy_Central"" title=""Comedy Central"">Comedy Central</a> in the United States. In the episode, <a href=""/wiki/Stan_Marsh"" title=""Stan Marsh"">Stan</a> and <a href=""/wiki/Mr._Mackey"" title=""Mr. Mackey"">Mr. Mackey</a> suffer a <a href=""/wiki/Compulsive_hoarding"" class=""mw-redirect"" title=""Compulsive hoarding"">hoarding disorder</a>. In an attempt to find the cause for it, they get trapped in Mr. Mackey's dream. The episode spoofs the TV show <i><a href=""/wiki/Hoarders_(TV_series)"" title=""Hoarders (TV series)"">Hoarders</a></i>, <i><a href=""/wiki/Hoarding:_Buried_Alive"" title=""Hoarding: Buried Alive"">Hoarding: Buried Alive</a></i>, and the film <i><a href=""/wiki/Inception"" title=""Inception"">Inception</a>.</i>
</p>","['Stan', 'Kyle', 'Eric', 'Kenny', 'Randy', 'Mr. Mackey', 'Wendy', 'Sharon']"
https://en.wikipedia.org/wiki/Starvin%27_Marvin,"<p>""<b>Starvin' Marvin</b>"" is the eighth episode of the <a href=""/wiki/South_Park_season_1"" title=""South Park season 1"">first season</a> of the American animated television series <i><a href=""/wiki/South_Park"" title=""South Park"">South Park</a></i>. It first aired on <a href=""/wiki/Comedy_Central"" title=""Comedy Central"">Comedy Central</a> in the <a href=""/wiki/United_States"" title=""United States"">United States</a> on November 19, 1997. In the episode, <a href=""/wiki/Eric_Cartman"" title=""Eric Cartman"">Cartman</a>, <a href=""/wiki/Kenny_McCormick"" title=""Kenny McCormick"">Kenny</a>, <a href=""/wiki/Kyle_Broflovski"" title=""Kyle Broflovski"">Kyle</a> and <a href=""/wiki/Stan_Marsh"" title=""Stan Marsh"">Stan</a> send money to an African charity hoping to get a sports watch, but are instead sent an Ethiopian child whom they dub ""Starvin' Marvin"". Later, Cartman is accidentally sent to Ethiopia, where he learns activist <a href=""/wiki/Sally_Struthers"" title=""Sally Struthers"">Sally Struthers</a> is hoarding the charity's food for herself. In an accompanying subplot, after genetically engineered turkeys attack South Park residents, <a href=""/wiki/Chef_(South_Park)"" title=""Chef (South Park)"">Chef</a> rallies the residents to fight back, in a parody of the film <i><a href=""/wiki/Braveheart"" title=""Braveheart"">Braveheart</a></i>.
</p>","['Stan', 'Kyle', 'Eric', 'Kenny', 'Gerald', 'Stuart', 'Carol', 'Big Gay Al', 'Scott', 'Mayor', 'Chef', 'Mr. Hankey', 'Kevin McCormick']"
https://en.wikipedia.org/wiki/Mr._Garrison%27s_Fancy_New_Vagina,"<p>""<b>Mr. Garrison's Fancy New Vagina</b>"" is the first episode in the <a href=""/wiki/South_Park_season_9"" title=""South Park season 9"">ninth season</a> of the American animated television series <i><a href=""/wiki/South_Park"" title=""South Park"">South Park</a></i>. It first aired on <a href=""/wiki/Comedy_Central"" title=""Comedy Central"">Comedy Central</a> in the United States on March 9, 2005. In the episode, <a href=""/wiki/Mr._Garrison"" title=""Mr. Garrison"">Mr. Garrison</a> undergoes <a href=""/wiki/Sex_reassignment_surgery"" class=""mw-redirect"" title=""Sex reassignment surgery"">sex reassignment surgery</a> after feeling that he is a ""<a href=""/wiki/Gender_dysphoria"" title=""Gender dysphoria"">woman trapped in a man's body</a>"". Garrison's operation inspires <a href=""/wiki/Kyle_Broflovski"" title=""Kyle Broflovski"">Kyle</a> and his father <a href=""/wiki/Gerald_and_Sheila_Broflovski"" title=""Gerald and Sheila Broflovski"">Gerald</a> to undergo <a href=""/wiki/Cosmetic_surgery"" class=""mw-redirect"" title=""Cosmetic surgery"">cosmetic surgery</a> themselves, as Kyle becomes a tall black boy and Gerald fulfills his childhood dream of becoming a dolphin.
</p>","['Stan', 'Kyle', 'Eric', 'Kenny', 'Gerald', 'Mr. Slave', 'Sheila']"
https://en.wikipedia.org/wiki/Two_Days_Before_the_Day_After_Tomorrow,"<p>""<b>Two Days Before the Day After Tomorrow</b>"" is the eighth episode in the <a href=""/wiki/South_Park_season_9"" title=""South Park season 9"">ninth season</a> of the American animated television series <i><a href=""/wiki/South_Park"" title=""South Park"">South Park</a></i>. The 133rd episode overall, it originally aired on <a href=""/wiki/Comedy_Central"" title=""Comedy Central"">Comedy Central</a> in the United States on October 19, 2005.<sup id=""cite_ref-studios_1-0"" class=""reference""><a href=""#cite_note-studios-1"">[1]</a></sup>
</p>","['Stan', 'Kyle', 'Eric', 'Kenny', 'Randy', 'Gerald', 'Sharon', 'Stephen', 'Linda', 'Sheila']"
https://en.wikipedia.org/wiki/Pinewood_Derby_(South_Park),"<p>""<b>Pinewood Derby</b>"" is the sixth episode of the <a href=""/wiki/South_Park_season_13"" title=""South Park season 13"">thirteenth season</a> of the American animated television series <i><a href=""/wiki/South_Park"" title=""South Park"">South Park</a></i>. The 187th overall episode of the series, it originally aired on <a href=""/wiki/Comedy_Central"" title=""Comedy Central"">Comedy Central</a> in the United States on April 15, 2009. In the episode, <a href=""/wiki/Randy_and_Sharon_Marsh"" class=""mw-redirect"" title=""Randy and Sharon Marsh"">Randy</a> helps <a href=""/wiki/Stan_Marsh"" title=""Stan Marsh"">Stan</a> cheat in a <a href=""/wiki/Pinewood_derby"" title=""Pinewood derby"">pinewood derby</a> race, which inadvertently leads to the discovery of alien life. When an alien gangster visits South Park and the residents come into possession of his stolen ""space cash"", they decide to keep it for themselves and hide it from alien police officers who are looking for it.
</p>","['Stan', 'Butters', 'Randy', 'Sharon']"
https://en.wikipedia.org/wiki/Turd_Burglars,"<p>""<b>Turd Burglars</b>"" is the eighth episode of the <a href=""/wiki/South_Park_season_23"" title=""South Park season 23"">twenty-third season</a> of the American animated television series <i><a href=""/wiki/South_Park"" title=""South Park"">South Park</a></i>. The 305th episode overall of the series, it premiered on <a href=""/wiki/Comedy_Central"" title=""Comedy Central"">Comedy Central</a> in the United States on November 27, 2019.<sup id=""cite_ref-1"" class=""reference""><a href=""#cite_note-1"">[1]</a></sup>
</p>","['Stan', 'Kyle', 'Eric', 'Kenny', 'Herbert', 'Mr. Mackey', 'Ike', 'Linda', 'Harrison', 'Sheila']"
https://en.wikipedia.org/wiki/Bike_Parade,"<p>""<b>Bike Parade</b>"" is the tenth and final episode of the <a href=""/wiki/South_Park_season_22"" title=""South Park season 22"">twenty-second season</a> of the American animated television series <i><a href=""/wiki/South_Park"" title=""South Park"">South Park</a></i>. The 297th overall episode of the series, it premiered on <a href=""/wiki/Comedy_Central"" title=""Comedy Central"">Comedy Central</a> in the United States on December 12, 2018. It is the second part of a two-episode story arc that serves as the season finale.
</p>","['Stan', 'Kyle', 'Eric', 'Kenny', 'Butters', 'Randy', 'Herbert', 'Sharon', 'Stuart', 'Stephen', 'Ned', 'Mayor', 'Santa', 'Towelie', 'Mr. Hankey']"
https://en.wikipedia.org/wiki/Chef_Goes_Nanners,"<p>""<b>Chef Goes Nanners</b>"" is the seventh episode of the <a href=""/wiki/South_Park_season_4"" title=""South Park season 4"">fourth season</a> of the animated television series <i><a href=""/wiki/South_Park"" title=""South Park"">South Park</a></i>, and the 55th episode of the series overall. It is eighth in production order. ""Chef Goes Nanners"" originally aired in the <a href=""/wiki/United_States"" title=""United States"">United States</a> on <a href=""/wiki/Comedy_Central"" title=""Comedy Central"">Comedy Central</a> on July 5, 2000.
</p>","['Stan', 'Kyle', 'Eric', 'Kenny', 'Wendy', 'Timmy', 'Bebe', 'Jimbo', 'Carol', 'Ned', 'Mayor', 'Pip', 'Chef']"
https://en.wikipedia.org/wiki/The_Snuke,"<p>""<b>The Snuke</b>"" is the fourth episode of the eleventh season (or the 157th episode overall) of <a href=""/wiki/Comedy_Central"" title=""Comedy Central"">Comedy Central</a>'s animated comedy series <i><a href=""/wiki/South_Park"" title=""South Park"">South Park</a></i>. It is largely a parody of the television series <i><a href=""/wiki/24_(TV_series)"" title=""24 (TV series)"">24</a></i> and was originally broadcast on March 28, 2007.  The episode is rated <a href=""/wiki/TV-MA"" class=""mw-redirect"" title=""TV-MA"">TV-MA L</a>.
</p>","['Stan', 'Kyle', 'Eric', 'Butters', 'Karen', 'Officer Barbrady']"
https://en.wikipedia.org/wiki/Cash_for_Gold_(South_Park),"<p>""<b>Cash for Gold</b>"" is the second episode of the <a href=""/wiki/South_Park_season_16"" title=""South Park season 16"">sixteenth season</a> of the American animated television series <i><a href=""/wiki/South_Park"" title=""South Park"">South Park</a></i>, and the 225th episode of the series overall. It originally aired on <a href=""/wiki/Comedy_Central"" title=""Comedy Central"">Comedy Central</a> in the United States on March 21, 2012. The episode centers on fourth grader <a href=""/wiki/Stan_Marsh"" title=""Stan Marsh"">Stan Marsh</a>'s irritation with J&amp;G Shopping Network and television <a href=""/wiki/Home_shopping"" title=""Home shopping"">home shopping</a> networks in general, as he discovers that they prey upon the elderly and <a href=""/wiki/Confidence_trick"" class=""mw-redirect"" title=""Confidence trick"">fleece them of their money</a>,<sup id=""cite_ref-1"" class=""reference""><a href=""#cite_note-1"">[1]</a></sup><sup id=""cite_ref-2"" class=""reference""><a href=""#cite_note-2"">[2]</a></sup> as well as <a href=""/wiki/Eric_Cartman"" title=""Eric Cartman"">Eric Cartman</a>'s new <a href=""/wiki/Entrepreneurship"" title=""Entrepreneurship"">entrepreneurship</a> inspired by that same idea.<sup id=""cite_ref-3"" class=""reference""><a href=""#cite_note-3"">[3]</a></sup>
</p>","['Stan', 'Eric', 'Butters']"
https://en.wikipedia.org/wiki/Sons_a_Witches,"<p>""<b>Sons a Witches</b>"" is the sixth episode in the <a href=""/wiki/South_Park_season_21"" title=""South Park season 21"">twenty-first season</a> of the American animated television series <i><a href=""/wiki/South_Park"" title=""South Park"">South Park</a></i>. The 283rd overall episode of the series, it originally aired on <a href=""/wiki/Comedy_Central"" title=""Comedy Central"">Comedy Central</a> in the United States on October 25, 2017. The episode was seen by critics as parodying hypocrisy surrounding the <a href=""/wiki/Harvey_Weinstein_sexual_abuse_allegations"" class=""mw-redirect"" title=""Harvey Weinstein sexual abuse allegations"">Harvey Weinstein sexual abuse allegations</a>.
</p>","['Stan', 'Kyle', 'Eric', 'Kenny', 'Butters', 'Randy', 'Gerald', 'Heidi', 'Sharon', 'Stephen', 'Linda', 'Sheila']"
https://en.wikipedia.org/wiki/Franchise_Prequel,"<p>""<b>Franchise Prequel</b>"" is the fourth episode in the <a href=""/wiki/South_Park_season_21"" title=""South Park season 21"">twenty-first season</a> of the American animated television series <i><a href=""/wiki/South_Park"" title=""South Park"">South Park</a></i>. The 281st overall episode of the series, it first aired on <a href=""/wiki/Comedy_Central"" title=""Comedy Central"">Comedy Central</a> in the United States on October 11, 2017.
</p>","['Eric', 'Butters', 'Stephen']"
https://en.wikipedia.org/wiki/Quest_for_Ratings,"<p>""<b>Quest for Ratings</b>"" is the eleventh episode in the <a href=""/wiki/South_Park_season_8"" title=""South Park season 8"">eighth season</a> of the American animated television series <i><a href=""/wiki/South_Park"" title=""South Park"">South Park</a></i>. The 122nd episode of the series overall, it originally aired on <a href=""/wiki/Comedy_Central"" title=""Comedy Central"">Comedy Central</a> in the United States on November 17, 2004.
</p>","['Stan', 'Kyle', 'Eric', 'Butters', 'Jimmy', 'Tolkien', 'Craig', 'Pete']"
https://en.wikipedia.org/wiki/Hell_on_Earth_2006,"<p>""<b>Hell on Earth 2006</b>"" is the eleventh episode in the <a href=""/wiki/South_Park_season_10"" title=""South Park season 10"">tenth season</a> of the American animated television series <i><a href=""/wiki/South_Park"" title=""South Park"">South Park</a></i>. The 150th episode of the series overall, it originally aired on <a href=""/wiki/Comedy_Central"" title=""Comedy Central"">Comedy Central</a> in the United States on October 25, 2006. The episode was written and directed by series co-creator <a href=""/wiki/Trey_Parker"" title=""Trey Parker"">Trey Parker</a>.
</p>","['Stan', 'Kyle', 'Eric', 'Butters', 'Randy', 'Tolkien', 'Tweek', 'Sharon', 'Stephen', 'Linda', 'Chef', 'Satan']"
https://en.wikipedia.org/wiki/Dead_Celebrities,"<p>""<b>Dead Celebrities</b>"" is the eighth episode of the <a href=""/wiki/South_Park_season_13"" title=""South Park season 13"">thirteenth season</a> of the American animated television series <i><a href=""/wiki/South_Park"" title=""South Park"">South Park</a></i>. The 189th overall episode of the series, it originally aired on <a href=""/wiki/Comedy_Central"" title=""Comedy Central"">Comedy Central</a> in the United States on October 7, 2009. In the episode, <a href=""/wiki/List_of_South_Park_families#Ike_Broflovski"" class=""mw-redirect"" title=""List of South Park families"">Ike</a> is haunted by the <a href=""/wiki/Ghosts"" class=""mw-redirect"" title=""Ghosts"">ghosts</a> of dead celebrities who died in the Summer of 2009 until <a href=""/wiki/Michael_Jackson"" title=""Michael Jackson"">Michael Jackson</a>, who does not want to admit that he is dead, possesses him.
</p>","['Stan', 'Kyle', 'Eric', 'Kenny', 'Butters', 'Ike', 'Michael']"
https://en.wikipedia.org/wiki/Simpsons_Already_Did_It,"<p>""<b>Simpsons Already Did It</b>"" is the seventh episode of the <a href=""/wiki/South_Park_season_6"" title=""South Park season 6"">sixth season</a> of the American animated television series <i><a href=""/wiki/South_Park"" title=""South Park"">South Park</a></i> and the 86th episode of the series overall. It originally aired on <a href=""/wiki/Comedy_Central"" title=""Comedy Central"">Comedy Central</a> in the <a href=""/wiki/United_States"" title=""United States"">United States</a> on June 26, 2002.<sup id=""cite_ref-SPStudios_1-0"" class=""reference""><a href=""#cite_note-SPStudios-1"">[1]</a></sup> In the episode, which continues on from the events of the previous episode ""<a href=""/wiki/Professor_Chaos"" title=""Professor Chaos"">Professor Chaos</a>"", <a href=""/wiki/Butters_Stotch"" title=""Butters Stotch"">Butters</a> thinks up a series of schemes to take over the world, but realizes that each one has already been performed on the show <i><a href=""/wiki/The_Simpsons"" title=""The Simpsons"">The Simpsons</a></i>. Meanwhile, <a href=""/wiki/Ms._Choksondik"" class=""mw-redirect"" title=""Ms. Choksondik"">Ms. Choksondik</a> dies and <a href=""/wiki/Eric_Cartman"" title=""Eric Cartman"">Cartman</a>, <a href=""/wiki/Kyle_Broflovski"" title=""Kyle Broflovski"">Kyle</a> and <a href=""/wiki/Stan_Marsh"" title=""Stan Marsh"">Stan</a> think that they are responsible.
</p>","['Stan', 'Kyle', 'Eric', 'Kenny', 'Butters', 'Terrance and Phillip', 'Tweek', 'Bebe', 'Ned', 'Mayor', 'Santa', 'Chef', 'Mr. Hankey', 'Dougie']"
https://en.wikipedia.org/wiki/City_Sushi,"<p>""<b>City Sushi</b>"" is the sixth episode of the <a href=""/wiki/South_Park_season_15"" title=""South Park season 15"">fifteenth season</a> of the American animated sitcom <i><a href=""/wiki/South_Park"" title=""South Park"">South Park</a></i> and the 215th episode of the series overall. It premiered on <a href=""/wiki/Comedy_Central"" title=""Comedy Central"">Comedy Central</a> in the <a href=""/wiki/United_States"" title=""United States"">United States</a> on June 1, 2011. In the episode, <a href=""/wiki/Butters_Stotch"" title=""Butters Stotch"">Butters</a> is misdiagnosed with <a href=""/wiki/Dissociative_identity_disorder"" title=""Dissociative identity disorder"">multiple personality disorder</a>. Meanwhile, <a href=""/wiki/Tuong_Lu_Kim"" class=""mw-redirect"" title=""Tuong Lu Kim"">Tuong Lu Kim</a> takes on South Park's new Japanese resident, who has put a <a href=""/wiki/Sushi"" title=""Sushi"">sushi</a> restaurant right next to his City Wok.<sup id=""cite_ref-1"" class=""reference""><a href=""#cite_note-1"">[1]</a></sup>
</p>","['Butters', 'Stephen', 'Linda', 'Lu Kim']"
https://en.wikipedia.org/wiki/Obama_Wins!,"<p>""<b>Obama Wins!</b>"" is the fourteenth and final episode of the <a href=""/wiki/South_Park_season_16"" title=""South Park season 16"">sixteenth season</a> of the American animated sitcom <i><a href=""/wiki/South_Park"" title=""South Park"">South Park</a></i>, and the 237th episode of the series overall. It premiered on <a href=""/wiki/Comedy_Central"" title=""Comedy Central"">Comedy Central</a> in the United States on November 7, 2012. The episode centers upon a secret that <a href=""/wiki/Eric_Cartman"" title=""Eric Cartman"">Eric Cartman</a> is harboring that may alter the outcome of the <a href=""/wiki/2012_United_States_presidential_election"" title=""2012 United States presidential election"">2012 U.S. Presidential election</a>, and also references the erstwhile recent sale of <a href=""/wiki/Lucasfilm"" title=""Lucasfilm"">Lucasfilm</a> to <a href=""/wiki/The_Walt_Disney_Company"" title=""The Walt Disney Company"">The Walt Disney Company</a>, and the narration work of <a href=""/wiki/Morgan_Freeman"" title=""Morgan Freeman"">Morgan Freeman</a>, a parodied version of whom appears in the story.
</p>","['Stan', 'Kyle', 'Eric', 'Kenny', 'Carol']"
https://en.wikipedia.org/wiki/South_Park_The_Streaming_Wars_Part_2,"<p>""<b>South Park The Streaming Wars Part 2</b>"" is a 2022 American <a href=""/wiki/Adult_animation"" title=""Adult animation"">adult animated</a> <a href=""/wiki/Comedy_film"" title=""Comedy film"">comedy</a> <a href=""/wiki/Television_special"" title=""Television special"">television special</a> episode written and directed by <a href=""/wiki/Trey_Parker"" title=""Trey Parker"">Trey Parker</a>. It is the fourth <i><a href=""/wiki/South_Park"" title=""South Park"">South Park</a></i> television special and 319th overall episode of the television series, and was released on <a href=""/wiki/Paramount%2B"" title=""Paramount+"">Paramount+</a> on July 13, 2022.<sup id=""cite_ref-press_release_1-0"" class=""reference""><a href=""#cite_note-press_release-1"">[1]</a></sup><sup id=""cite_ref-2"" class=""reference""><a href=""#cite_note-2"">[2]</a></sup><sup id=""cite_ref-3"" class=""reference""><a href=""#cite_note-3"">[3]</a></sup> It concludes the storyline that began in its predecessor, ""<a href=""/wiki/South_Park_The_Streaming_Wars"" title=""South Park The Streaming Wars"">South Park The Streaming Wars</a>"".
</p>","['Stan', 'Kyle', 'Eric', 'Kenny', 'Butters', 'Randy', 'Gerald', 'Liane', 'Mr. Mackey', 'Jimmy', 'Tolkien', 'Wendy', 'Clyde', 'Craig', 'Timmy', 'Sharon', 'Karen', 'Linda', 'Mayor', 'Harrison', 'Chef', 'Mr. Hankey', 'Sheila']"
https://en.wikipedia.org/wiki/Marjorine,"<p>""<b>Marjorine</b>"" is the ninth episode in the <a href=""/wiki/South_Park_season_9"" title=""South Park season 9"">ninth season</a> of the American animated television series <i><a href=""/wiki/South_Park"" title=""South Park"">South Park</a></i>. The 134th episode of the series overall, it originally aired on <a href=""/wiki/Comedy_Central"" title=""Comedy Central"">Comedy Central</a> in the United States on October 26, 2005.
</p>","['Stan', 'Eric', 'Kenny', 'Butters', 'Wendy', 'Heidi', 'Stephen', 'Linda']"
https://en.wikipedia.org/wiki/Go_God_Go_XII,"<p>""<b>Go God Go XII</b>"" is the thirteenth episode in the <a href=""/wiki/South_Park_season_10"" title=""South Park season 10"">tenth season</a> of the American animated television series <i><a href=""/wiki/South_Park"" title=""South Park"">South Park</a></i>. The 152nd episode of the series overall, it first aired on <a href=""/wiki/Comedy_Central"" title=""Comedy Central"">Comedy Central</a> in the United States on November 8, 2006. Written and directed by series co-creator <a href=""/wiki/Trey_Parker"" title=""Trey Parker"">Trey Parker</a>, the episode is the second in a two-part story arc, after ""<a href=""/wiki/Go_God_Go"" title=""Go God Go"">Go God Go</a>"".
</p>","['Stan', 'Kyle', 'Eric', 'Chef']"
https://en.wikipedia.org/wiki/Doubling_Down_(South_Park),"<p>""<b>Doubling Down</b>"" is the seventh episode in the <a href=""/wiki/South_Park_season_21"" title=""South Park season 21"">twenty-first season</a> of the American animated television series <i><a href=""/wiki/South_Park"" title=""South Park"">South Park</a></i>. The 284th overall episode of the series, it first aired on <a href=""/wiki/Comedy_Central"" title=""Comedy Central"">Comedy Central</a> in the United States on November 8, 2017. This episode parodied the <a href=""/wiki/Opinion_polling_on_the_Donald_Trump_administration"" title=""Opinion polling on the Donald Trump administration"">decreasing popularity of  the Donald Trump administration</a> by loosely comparing it to suffering from <a href=""/wiki/Stockholm_syndrome"" title=""Stockholm syndrome"">Stockholm syndrome</a>.
</p>","['Kyle', 'Eric', 'Tolkien', 'Heidi']"
https://en.wikipedia.org/wiki/Clubhouses_(South_Park),"<p>""<b>Clubhouses</b>"" is the twelfth episode of the <a href=""/wiki/South_Park_season_2"" title=""South Park season 2"">second season</a> of the American animated television series <i><a href=""/wiki/South_Park"" title=""South Park"">South Park</a></i>. The 25th episode of the series overall, it originally aired on <a href=""/wiki/Comedy_Central"" title=""Comedy Central"">Comedy Central</a> in the United States on September 23, 1998. The episode was written by series co-creator <a href=""/wiki/Trey_Parker"" title=""Trey Parker"">Trey Parker</a>, along with <a href=""/wiki/Nancy_M._Pimental"" class=""mw-redirect"" title=""Nancy M. Pimental"">Nancy M. Pimental</a>, and directed by Parker. In the episode, the boys set out to build <a href=""/wiki/Tree_house"" title=""Tree house"">clubhouses</a> so they can play <a href=""/wiki/Truth_or_Dare"" class=""mw-redirect"" title=""Truth or Dare"">Truth or Dare</a> with girls, while <a href=""/wiki/Randy_and_Sharon_Marsh"" class=""mw-redirect"" title=""Randy and Sharon Marsh"">Randy and Sharon Marsh</a>'s marriage begins to fall apart.<sup id=""cite_ref-The_A.V._Club_1-0"" class=""reference""><a href=""#cite_note-The_A.V._Club-1"">[1]</a></sup>
</p>","['Stan', 'Kyle', 'Eric', 'Kenny', 'Randy', 'Wendy', 'Clyde', 'Terrance and Phillip', 'Bebe', 'Sharon', 'Ike', 'Chef']"
https://en.wikipedia.org/wiki/Chickenpox_(South_Park),"<p>""<b>Chickenpox</b>"" is the tenth episode of the <a href=""/wiki/South_Park_season_2"" title=""South Park season 2"">second season</a> of the American animated television series <i><a href=""/wiki/South_Park"" title=""South Park"">South Park</a></i>. The 23rd episode of the series overall, it originally aired on <a href=""/wiki/Comedy_Central"" title=""Comedy Central"">Comedy Central</a> in the United States on August 26, 1998. The episode was written by series co-creators <a href=""/wiki/Trey_Parker"" title=""Trey Parker"">Trey Parker</a> and <a href=""/wiki/Matt_Stone"" title=""Matt Stone"">Matt Stone</a>, along with Trisha Nixon, and directed by Parker. In the episode, the parents of South Park <a href=""/wiki/Pox_party"" title=""Pox party"">intentionally expose</a> their children to the <a href=""/wiki/Chickenpox"" title=""Chickenpox"">chickenpox</a> disease.<sup id=""cite_ref-The_A.V._Club_1-0"" class=""reference""><a href=""#cite_note-The_A.V._Club-1"">[1]</a></sup>
</p>","['Stan', 'Kyle', 'Eric', 'Kenny', 'Randy', 'Gerald', 'Terrance and Phillip', 'Sharon', 'Shelley', 'Grandpa', 'Ike', 'Stuart', 'Carol', 'Chef', 'Sheila']"
https://en.wikipedia.org/wiki/Holiday_Special_(South_Park),"<p>""<b>Holiday Special</b>"" is the third episode in the <a href=""/wiki/South_Park_season_21"" title=""South Park season 21"">twenty-first season</a> of the American animated television series <i><a href=""/wiki/South_Park"" title=""South Park"">South Park</a></i>. The 280th episode of the series overall, it first aired on <a href=""/wiki/Comedy_Central"" title=""Comedy Central"">Comedy Central</a> in the United States on September 27, 2017. This episode parodies <a href=""/wiki/Victim_playing"" class=""mw-redirect"" title=""Victim playing"">self-victimization</a> via <a href=""/wiki/Contemporary_Native_American_issues_in_the_United_States"" title=""Contemporary Native American issues in the United States"">Native American hardships</a> and trends toward <a href=""/wiki/Columbus_Day#Opposition_to_Columbus_celebrations"" title=""Columbus Day"">opposition to Columbus Day</a>.
</p>","['Stan', 'Kyle', 'Kenny', 'Randy', 'Sharon', 'Pete']"
https://en.wikipedia.org/wiki/Douche_and_Turd,"<p>""<b>Douche and Turd</b>"" is the eighth episode of the <a href=""/wiki/South_Park_season_8"" title=""South Park season 8"">eighth season</a> of the animated television series <i><a href=""/wiki/South_Park"" title=""South Park"">South Park</a></i>, and the 119th episode overall. Written by series co-creator <a href=""/wiki/Trey_Parker"" title=""Trey Parker"">Trey Parker</a>, it first aired on <a href=""/wiki/Comedy_Central"" title=""Comedy Central"">Comedy Central</a> in the <a href=""/wiki/United_States"" title=""United States"">United States</a> on October 27, 2004, shortly before the <a href=""/wiki/2004_United_States_presidential_election"" title=""2004 United States presidential election"">2004 United States presidential election</a>, which the episode satirizes.
</p>","['Stan', 'Kyle', 'Eric', 'Randy', 'Herbert', 'Carol', 'Michael', 'Pete', 'Bradley', 'Sheila']"
https://en.wikipedia.org/wiki/Jewbilee,"<p>""<b>Jewbilee</b>"" is the ninth-aired and produced episode of the <a href=""/wiki/South_Park_season_3"" title=""South Park season 3"">third season</a> of the animated television series <i><a href=""/wiki/South_Park"" title=""South Park"">South Park</a></i>. The 40th overall episode and the final part of The Meteor Shower Trilogy, the episode describes what happens to <a href=""/wiki/Kyle_Broflovski"" title=""Kyle Broflovski"">Kyle</a> and <a href=""/wiki/Kenny_McCormick"" title=""Kenny McCormick"">Kenny</a> as they attend a <a href=""/wiki/Jewish"" class=""mw-redirect"" title=""Jewish"">Jewish</a> <a href=""/wiki/Scouting"" title=""Scouting"">Scouting</a> camp on the night of the meteor shower. The episode, which satirizes <a href=""/wiki/Stereotypes_about_Jews"" class=""mw-redirect"" title=""Stereotypes about Jews"">stereotypes about Jews</a>,<sup id=""cite_ref-1"" class=""reference""><a href=""#cite_note-1"">[1]</a></sup> 
originally aired on July 28, 1999.
</p>","['Kyle', 'Kenny', 'Gerald', 'Mr. Mackey', 'Craig', 'Tweek', 'Ike', 'Jesus', 'Mr. Hankey', 'Sheila']"
https://en.wikipedia.org/wiki/About_Last_Night..._(South_Park),"<p>""<b>About Last Night…</b>"" is the twelfth episode in the <a href=""/wiki/South_Park_season_12"" title=""South Park season 12"">twelfth season</a> of the American animated television series <i><a href=""/wiki/South_Park"" title=""South Park"">South Park</a></i>. The 179th episode of the series overall, it originally aired on <a href=""/wiki/Comedy_Central"" title=""Comedy Central"">Comedy Central</a> in the United States on November 5, 2008.
</p>","['Stan', 'Kyle', 'Eric', 'Randy', 'Mr. Mackey', 'Sharon', 'Ike', 'Officer Barbrady']"
https://en.wikipedia.org/wiki/I%27m_a_Little_Bit_Country,"<p>""<b>I'm a Little Bit Country</b>"" is the fourth episode<sup id=""cite_ref-1"" class=""reference""><a href=""#cite_note-1"">[1]</a></sup> of the <a href=""/wiki/South_Park_season_7"" title=""South Park season 7"">seventh season</a> of the American <a href=""/wiki/Cartoon_series"" class=""mw-redirect"" title=""Cartoon series"">animated television series</a> <i><a href=""/wiki/South_Park"" title=""South Park"">South Park</a></i>, and the 100th episode of the series overall. Going by production order, this is the 1st episode of Season 7. It originally aired on <a href=""/wiki/Comedy_Central"" title=""Comedy Central"">Comedy Central</a> in the United States on April 9, 2003. The episode title is based on the song ""A Little Bit Country, A Little Bit Rock and Roll"" by <a href=""/wiki/Marty_Cooper_(musician)"" title=""Marty Cooper (musician)"">Marty Cooper</a>, as made famous by <a href=""/wiki/Donny_and_Marie_Osmond"" class=""mw-redirect"" title=""Donny and Marie Osmond"">Donny and Marie Osmond</a>.<sup id=""cite_ref-Parker_2-0"" class=""reference""><a href=""#cite_note-Parker-2"">[2]</a></sup>
</p>","['Stan', 'Kyle', 'Eric', 'Kenny', 'Mayor', 'Pete']"
https://en.wikipedia.org/wiki/Going_Native,"<p>""<b>Going Native</b>"" is the eleventh episode of the <a href=""/wiki/South_Park_season_16"" title=""South Park season 16"">sixteenth season</a> of the American animated sitcom <i><a href=""/wiki/South_Park"" title=""South Park"">South Park</a></i>, and the 234th episode of the series overall. It premiered on <a href=""/wiki/Comedy_Central"" title=""Comedy Central"">Comedy Central</a> in the United States on October 17, 2012. In the episode, when Butters starts acting out at school, he learns that he was not born in South Park. He and Kenny journey to Butters' homeland for his coming of age ceremony.
</p>","['Kyle', 'Kenny', 'Butters', 'Scott Malkinson', 'Stephen', 'Linda', 'Scott', 'Michael']"
https://en.wikipedia.org/wiki/The_Wacky_Molestation_Adventure,"<p>""<b>The Wacky Molestation Adventure</b>"" is the sixteenth and penultimate episode of the <a href=""/wiki/South_Park_season_4"" title=""South Park season 4"">fourth season</a> of the animated television series <i><a href=""/wiki/South_Park"" title=""South Park"">South Park</a></i>, and the 64th episode of the series overall. Written and directed by series co-creator <a href=""/wiki/Trey_Parker"" title=""Trey Parker"">Trey Parker</a>, it originally aired in the <a href=""/wiki/United_States"" title=""United States"">United States</a> on December 13, 2000 on <a href=""/wiki/Comedy_Central"" title=""Comedy Central"">Comedy Central</a>. In the episode, the children of South Park remove all adults from the town by claiming that they <a href=""/wiki/Child_molestation"" class=""mw-redirect"" title=""Child molestation"">molested</a> them. With the town to themselves, they create a new society, but it quickly deteriorates and separate groups are formed. Much of the episode's plot is inspired by the 1984 film <a href=""/wiki/Children_of_the_Corn_(1984_film)"" title=""Children of the Corn (1984 film)""><i>Children of the Corn</i></a>, based on the Stephen King <a href=""/wiki/Children_of_the_Corn"" title=""Children of the Corn"">short story</a>, as well as “<a href=""/wiki/Miri_(Star_Trek:_The_Original_Series)"" title=""Miri (Star Trek: The Original Series)"">Miri</a>,” an episode of <i><a href=""/wiki/Star_Trek:_The_Original_Series"" title=""Star Trek: The Original Series"">Star Trek: The Original Series</a></i>. The 1976 film <i><a href=""/wiki/Logan%27s_Run_(film)"" title=""Logan's Run (film)"">Logan's Run</a></i> is also an influence.
</p>","['Stan', 'Kyle', 'Eric', 'Butters', 'Gerald', 'Craig', 'Timmy', 'Stephen', 'Linda', 'Mayor', 'Pip', 'Chef', 'Sheila']"
https://en.wikipedia.org/wiki/Elementary_School_Musical_(South_Park),"<p>""<b>Elementary School Musical</b>"" is the thirteenth episode of the <a href=""/wiki/South_Park_season_12"" title=""South Park season 12"">twelfth season</a> of the animated series <i><a href=""/wiki/South_Park"" title=""South Park"">South Park</a></i>, and the 180th episode of the series overall.<sup id=""cite_ref-1"" class=""reference""><a href=""#cite_note-1"">[1]</a></sup> It originally aired on <a href=""/wiki/Comedy_Central"" title=""Comedy Central"">Comedy Central</a> in the United States on November 12, 2008. In the episode, a new boy at school helps set off an impromptu-singing-and-dancing craze that the boys vow to never go along with, dragging them down into the dregs of unpopularity.
</p>","['Stan', 'Kyle', 'Eric', 'Kenny', 'Wendy', 'Craig']"
https://en.wikipedia.org/wiki/Cat_Orgy,"<p>""<b>Cat Orgy</b>"" is the seventh episode of the <a href=""/wiki/South_Park_season_3"" title=""South Park season 3"">third season</a> of the <a href=""/wiki/United_States"" title=""United States"">American</a> animated <a href=""/wiki/Sitcom"" title=""Sitcom"">sitcom</a> <i><a href=""/wiki/South_Park"" title=""South Park"">South Park</a></i>, and the 38th episode of the series overall. It originally aired on <a href=""/wiki/Comedy_Central"" title=""Comedy Central"">Comedy Central</a> on July 14, 1999. It is the first episode of a <a href=""/wiki/Trilogy"" title=""Trilogy"">three-part story arc</a>, often known as ""The Meteor Shower Trilogy"", which tells three different stories all taking place on the same night. The other two episodes are ""<a href=""/wiki/Two_Guys_Naked_in_a_Hot_Tub"" title=""Two Guys Naked in a Hot Tub"">Two Guys Naked in a Hot Tub</a>"" and ""<a href=""/wiki/Jewbilee"" title=""Jewbilee"">Jewbilee</a>"". As such, it features only one of the four main characters, <a href=""/wiki/Eric_Cartman"" title=""Eric Cartman"">Eric Cartman</a>.
</p>","['Stan', 'Eric', 'Liane', 'Mr. Mackey', 'Craig', 'Tweek', 'Shelley', 'Jesus', 'Mr. Hankey']"
https://en.wikipedia.org/wiki/HappyHolograms,"<p>""<b>#HappyHolograms</b>"" is the tenth and final episode in the <a href=""/wiki/South_Park_season_18"" title=""South Park season 18"">eighteenth season</a> of the American animated television series <i><a href=""/wiki/South_Park"" title=""South Park"">South Park</a></i>.  The 257th episode overall, it was written and directed by series co-creator and co-star <a href=""/wiki/Trey_Parker"" title=""Trey Parker"">Trey Parker</a>. The episode premiered on <a href=""/wiki/Comedy_Central"" title=""Comedy Central"">Comedy Central</a> in the United States on December 10, 2014. It is the second part of the two-part season finale which began with the previous episode, ""<a href=""/wiki/Rehash_(South_Park)"" title=""Rehash (South Park)"">#REHASH</a>"". The episode makes multiple references to earlier episodes over the season, as well as to previous seasons, while mainly lampooning the trend of culture constantly making <a href=""/wiki/Twitter#Trending_topics"" title=""Twitter"">trending topics</a> with no actual relevance. It also lampoons news events such as the <a href=""/wiki/Death_of_Eric_Garner"" class=""mw-redirect"" title=""Death of Eric Garner"">death of Eric Garner</a>, the <a href=""/wiki/Shooting_of_Michael_Brown"" class=""mw-redirect"" title=""Shooting of Michael Brown"">shooting of Michael Brown</a>, the <a href=""/wiki/Bill_Cosby_sexual_assault_allegations"" class=""mw-redirect"" title=""Bill Cosby sexual assault allegations"">sexual assault allegations against Bill Cosby</a>, the use of celebrity holograms, and <a href=""/wiki/Generationism"" title=""Generationism"">generationism</a>. <a href=""/wiki/YouTuber"" title=""YouTuber"">YouTuber</a> <a href=""/wiki/PewDiePie"" title=""PewDiePie"">PewDiePie</a> appears as himself, continuing his story line from the previous episode.
</p>","['Stan', 'Kyle', 'Eric', 'Randy', 'Sharon', 'Ike', 'Mr. Hankey', 'Michael']"
https://en.wikipedia.org/wiki/Tom%27s_Rhinoplasty,"<p>""<b>Tom's Rhinoplasty</b>"" is the eleventh episode of the <a href=""/wiki/South_Park_season_1"" title=""South Park season 1"">first season</a> of the American animated television series <i><a href=""/wiki/South_Park"" title=""South Park"">South Park</a></i>. It originally aired on <a href=""/wiki/Comedy_Central"" title=""Comedy Central"">Comedy Central</a> in the United States on February 11, 1998. In the episode, <a href=""/wiki/Stan_Marsh"" title=""Stan Marsh"">Stan Marsh</a>, <a href=""/wiki/Kyle_Broflovski"" title=""Kyle Broflovski"">Kyle Broflovski</a>, <a href=""/wiki/Eric_Cartman"" title=""Eric Cartman"">Eric Cartman</a>, and <a href=""/wiki/Kenny_McCormick"" title=""Kenny McCormick"">Kenny McCormick</a> become infatuated with the new substitute teacher Ms. Ellen, which highly aggravates Stan's girlfriend <a href=""/wiki/Wendy_Testaburger"" title=""Wendy Testaburger"">Wendy Testaburger</a>. Meanwhile, <a href=""/wiki/Herbert_Garrison"" class=""mw-redirect"" title=""Herbert Garrison"">Mr. Garrison</a> gets a nose job that makes him resemble actor <a href=""/wiki/David_Hasselhoff"" title=""David Hasselhoff"">David Hasselhoff</a>.
</p>","['Stan', 'Kyle', 'Eric', 'Kenny', 'Herbert', 'Wendy', 'Craig', 'Big Gay Al', 'Jesus', 'Santa', 'Chef', 'Mr. Hankey']"
https://en.wikipedia.org/wiki/Moss_Piglets_(South_Park),"<p>""<b>Moss Piglets</b>"" is the eighth episode of the <a href=""/wiki/South_Park_season_21"" title=""South Park season 21"">twenty-first season</a> of the American animated television series <i><a href=""/wiki/South_Park"" title=""South Park"">South Park</a></i>. The 285th overall episode of the series, it first aired on <a href=""/wiki/Comedy_Central"" title=""Comedy Central"">Comedy Central</a> in the United States on November 15, 2017.
</p>","['Eric', 'Mr. Mackey', 'Jimmy', 'Timmy', 'Heidi', 'PC Principal', 'Nathan']"
https://en.wikipedia.org/wiki/Board_Girls,"<p>""<b>Board Girls</b>"" is the seventh episode of the <a href=""/wiki/South_Park_season_23"" title=""South Park season 23"">twenty-third season</a> of the American animated television series <i><a href=""/wiki/South_Park"" title=""South Park"">South Park</a></i>. The 304th episode overall of the series, it premiered on <a href=""/wiki/Comedy_Central"" title=""Comedy Central"">Comedy Central</a> in the United States on November 13, 2019.<sup id=""cite_ref-1"" class=""reference""><a href=""#cite_note-1"">[1]</a></sup> The episode argues that discussion of <a href=""/wiki/Transgender_people_in_sports"" title=""Transgender people in sports"">transgender athletes</a> is made difficult by <a href=""/wiki/Political_correctness"" title=""Political correctness"">political correctness</a>.<sup id=""cite_ref-IGN_2-0"" class=""reference""><a href=""#cite_note-IGN-2"">[2]</a></sup>
</p>","['Stan', 'Eric', 'Butters', 'Randy', 'Mr. Mackey', 'Clyde', 'Scott Malkinson', 'PC Principal', 'Strong Woman', 'Scott', 'Nichole']"
https://en.wikipedia.org/wiki/Two_Guys_Naked_in_a_Hot_Tub,"<p>""<b>Two Guys Naked in a Hot Tub</b>"" (also known as ""<b>Melvins</b>"") is the eighth episode of the <a href=""/wiki/South_Park_season_3"" title=""South Park season 3"">third season</a> of the American animated television series <i><a href=""/wiki/South_Park"" title=""South Park"">South Park</a></i>, and the 39th episode of the series overall. The episode is the second part of The Meteor Shower Trilogy, and centers upon third grader <a href=""/wiki/Stan_Marsh"" title=""Stan Marsh"">Stan Marsh</a> and his father <a href=""/wiki/Randy_and_Sharon_Marsh"" class=""mw-redirect"" title=""Randy and Sharon Marsh"">Randy</a>. It premiered on <a href=""/wiki/Comedy_Central"" title=""Comedy Central"">Comedy Central</a> on July 21, 1999.
</p>","['Stan', 'Kyle', 'Butters', 'Randy', 'Gerald', 'Mr. Mackey', 'Craig', 'Tweek', 'Sharon', 'Jesus', 'Pip', 'Mr. Hankey', 'Dougie']"
https://en.wikipedia.org/wiki/Krazy_Kripples,"<p>""<b>Krazy Kripples</b>"" is the second episode of the <a href=""/wiki/South_Park_season_7"" title=""South Park season 7"">seventh season</a> of the American animated television series <i><a href=""/wiki/South_Park"" title=""South Park"">South Park</a></i>, and the 98th episode of the series overall. It first aired on <a href=""/wiki/Comedy_Central"" title=""Comedy Central"">Comedy Central</a> March 26, 2003.
</p>","['Stan', 'Kyle', 'Eric', 'Kenny', 'Butters', 'Jimmy', 'Tolkien', 'Timmy', 'Towelie', 'Chef']"
https://en.wikipedia.org/wiki/Tweek_vs._Craig,"<p>""<b>Tweek vs. Craig</b>"" is the fifth episode of the <a href=""/wiki/South_Park_season_3"" title=""South Park season 3"">third season</a> of the American animated television series <i><a href=""/wiki/South_Park"" title=""South Park"">South Park</a></i>, and the 36th episode of the series overall. It originally aired on <a href=""/wiki/Comedy_Central"" title=""Comedy Central"">Comedy Central</a> in the <a href=""/wiki/United_States"" title=""United States"">United States</a> on June 23, 1999. In the episode <a href=""/wiki/Stan_Marsh"" title=""Stan Marsh"">Stan</a>, <a href=""/wiki/Kyle_Broflovski"" title=""Kyle Broflovski"">Kyle</a> and <a href=""/wiki/Eric_Cartman"" title=""Eric Cartman"">Cartman</a> pit <a href=""/wiki/Tweek_Tweak"" class=""mw-redirect"" title=""Tweek Tweak"">Tweek</a> and <a href=""/wiki/Craig_Tucker"" title=""Craig Tucker"">Craig</a> against each other. Meanwhile, the boys' wood shop teacher, <a href=""/wiki/Mr._Adler"" class=""mw-redirect"" title=""Mr. Adler"">Mr. Adler</a>, struggles to cope with the loss of his wife, who died in a plane crash.
</p>","['Stan', 'Kyle', 'Eric', 'Kenny', 'Clyde', 'Craig', 'Tweek', 'Jimbo', 'Ned', 'Jesus', 'Mr. Hankey']"
https://en.wikipedia.org/wiki/Mystery_of_the_Urinal_Deuce,"<p>""<b>Mystery of the Urinal Deuce</b>"" is the ninth episode in the <a href=""/wiki/South_Park_season_10"" title=""South Park season 10"">tenth season</a> of the American animated television series <i><a href=""/wiki/South_Park"" title=""South Park"">South Park</a></i>. The 148th episode of the series overall, it first aired on <a href=""/wiki/Comedy_Central"" title=""Comedy Central"">Comedy Central</a> in the United States on October 11, 2006. The episode focuses on the <a href=""/wiki/9/11_conspiracy_theories"" title=""9/11 conspiracy theories"">9/11 conspiracy theories</a>, and was written by series co-creator <a href=""/wiki/Trey_Parker"" title=""Trey Parker"">Trey Parker</a>. In the episode, Mr. Mackey is determined to find out who defecated in the urinal, while Cartman manages to link it to 9/11. This causes Stan and Kyle to find the truth behind this terrible event in history.
</p>","['Stan', 'Kyle', 'Eric', 'Mr. Mackey', 'Clyde', 'Chef']"
https://en.wikipedia.org/wiki/The_Pandemic_Special,"<p>""<b>The Pandemic Special</b>"" is the first episode of the <a href=""/wiki/South_Park_season_24"" title=""South Park season 24"">twenty-fourth season</a> of the American animated television series <i><a href=""/wiki/South_Park"" title=""South Park"">South Park</a></i>.<sup id=""cite_ref-16"" class=""reference""><a href=""#cite_note-16"">[b]</a></sup> The 308th episode overall of the series, it premiered on <a href=""/wiki/Comedy_Central"" title=""Comedy Central"">Comedy Central</a> in the United States on September 30, 2020,<sup id=""cite_ref-press_release_9-1"" class=""reference""><a href=""#cite_note-press_release-9"">[8]</a></sup> and was also <a href=""/wiki/Simulcast"" title=""Simulcast"">simulcast</a> on <a href=""/wiki/MTV"" title=""MTV"">MTV</a> and <a href=""/wiki/MTV2"" title=""MTV2"">MTV2</a>.<sup id=""cite_ref-17"" class=""reference""><a href=""#cite_note-17"">[15]</a></sup><sup id=""cite_ref-18"" class=""reference""><a href=""#cite_note-18"">[16]</a></sup>
</p>","['Stan', 'Kyle', 'Eric', 'Kenny', 'Butters', 'Randy', 'Liane', 'Mr. Mackey', 'Sharon', 'Jimbo', 'Stephen', 'Mayor', 'Harrison', 'Pete']"
https://en.wikipedia.org/wiki/Cupid_Ye,"<p>""<b>Cupid Ye</b>"" is the <a href=""/wiki/South_Park_season_26"" title=""South Park season 26"">twenty-sixth season</a> premiere of the American animated television series <i><a href=""/wiki/South_Park"" title=""South Park"">South Park</a></i>, and the 320th episode of the series overall. Written and directed by <a href=""/wiki/Matt_Stone"" title=""Matt Stone"">Matt Stone</a>, it premiered on <a href=""/wiki/Comedy_Central"" title=""Comedy Central"">Comedy Central</a> in the United States on February 8, 2023.<sup id=""cite_ref-IGN1.21.23_1-0"" class=""reference""><a href=""#cite_note-IGN1.21.23-1"">[1]</a></sup><sup id=""cite_ref-2"" class=""reference""><a href=""#cite_note-2"">[2]</a></sup> The episode depicts a scheme hatched by <a href=""/wiki/Eric_Cartman"" title=""Eric Cartman"">Eric Cartman</a> after <a href=""/wiki/Stan_Marsh"" title=""Stan Marsh"">Stan Marsh</a> comes to feel threatened by the friendship developing between classmates <a href=""/wiki/Kyle_Broflovski"" title=""Kyle Broflovski"">Kyle Broflovski</a> and <a href=""/wiki/Tolkien_Black"" title=""Tolkien Black"">Tolkien Black</a>,<sup id=""cite_ref-IGN1.21.23_1-1"" class=""reference""><a href=""#cite_note-IGN1.21.23-1"">[1]</a></sup> in a parody of the <a href=""/wiki/Views_of_Kanye_West#Antisemitism"" title=""Views of Kanye West"">antisemitic views</a> of rapper <a href=""/wiki/Kanye_West"" title=""Kanye West"">Kanye West</a>,<sup id=""cite_ref-GameRant_3-0"" class=""reference""><a href=""#cite_note-GameRant-3"">[3]</a></sup> and <a href=""/wiki/Jewish_stereotypes"" class=""mw-redirect"" title=""Jewish stereotypes"">Jewish stereotypes</a> in general, including the <a href=""/wiki/Antisemitic"" class=""mw-redirect"" title=""Antisemitic"">antisemitic</a> trope that <a href=""/wiki/Antisemitic_trope#Controlling_the_media"" title=""Antisemitic trope"">Jews control Hollywood</a>.<sup id=""cite_ref-GameRant_3-1"" class=""reference""><a href=""#cite_note-GameRant-3"">[3]</a></sup><sup id=""cite_ref-4"" class=""reference""><a href=""#cite_note-4"">[4]</a></sup>
</p>","['Stan', 'Kyle', 'Eric', 'Tolkien', 'PC Principal']"
https://en.wikipedia.org/wiki/Helen_Keller!_The_Musical,"<p>""<b>Helen Keller! The Musical</b>"" is the thirteenth episode of the <a href=""/wiki/South_Park_season_4"" title=""South Park season 4"">fourth season</a> of the animated television series <i><a href=""/wiki/South_Park"" title=""South Park"">South Park</a></i> and the 61st episode of the series overall. It is also the 13th episode of Season 4 by production order respectively. ""Helen Keller! The Musical"" originally aired in the <a href=""/wiki/United_States"" title=""United States"">United States</a> on November 22, 2000 on <a href=""/wiki/Comedy_Central"" title=""Comedy Central"">Comedy Central</a>. In the episode, the boys have to put on a ""<a href=""/wiki/Thanksgiving_(United_States)"" title=""Thanksgiving (United States)"">Thanksgiving</a> Extravaganza"" that is better than the kindergarteners'. <a href=""/wiki/Kief_Davidson"" title=""Kief Davidson"">Kief Davidson</a> plays a guest role, voicing the kindergarteners.
</p>","['Stan', 'Kyle', 'Eric', 'Kenny', 'Butters', 'Timmy', 'Jimbo', 'Ned', 'Pip', 'Chef']"
https://en.wikipedia.org/wiki/The_New_Terrance_and_Phillip_Movie_Trailer,"<p>""<b>The New Terrance and Phillip Movie Trailer</b>"" is the fifth episode of the sixth season of <i><a href=""/wiki/South_Park"" title=""South Park"">South Park</a></i> and the 84th episode of the series overall. It originally aired on April 3, 2002. The episode parodies actor <a href=""/wiki/Russell_Crowe"" title=""Russell Crowe"">Russell Crowe</a>'s real-life altercations. In the episode, the boys must watch his show in order to see a trailer for an upcoming <a href=""/wiki/List_of_recurring_South_Park_characters#Terrance_and_Phillip"" class=""mw-redirect"" title=""List of recurring South Park characters"">Terrance and Phillip</a> movie. However, bad luck forces them to race across town searching for a working TV.
</p>","['Stan', 'Kyle', 'Eric', 'Butters', 'Gerald', 'Terrance and Phillip', 'Bebe', 'Ike', 'Chef', 'Pete', 'Sheila']"
https://en.wikipedia.org/wiki/How_to_Eat_with_Your_Butt,"<p>""<b>How to Eat with Your Butt</b>"" is the tenth episode of the <a href=""/wiki/South_Park_season_5"" title=""South Park season 5"">fifth season</a> of the animated television series <i><a href=""/wiki/South_Park"" title=""South Park"">South Park</a></i>, and the 75th episode of the series overall. ""How to Eat with Your Butt"" originally aired in the <a href=""/wiki/United_States"" title=""United States"">United States</a> on  November 14, 2001, on <a href=""/wiki/Comedy_Central"" title=""Comedy Central"">Comedy Central</a>. In the episode, Cartman puts a picture of Kenny's butt on a milk carton as a prank, but loses his ability to laugh when a couple arrives in South Park with buttocks instead of faces.
</p>","['Stan', 'Kyle', 'Eric', 'Kenny', 'Butters', 'Jimmy', 'Terrance and Phillip', 'Stephen', 'Linda', 'Scott', 'Towelie']"
https://en.wikipedia.org/wiki/Deep_Learning_(South_Park),"<p>""<b>Deep Learning</b>"" is the fourth episode of the <a href=""/wiki/South_Park_season_26"" title=""South Park season 26"">twenty-sixth season</a> of the American animated television series <i><a href=""/wiki/South_Park"" title=""South Park"">South Park</a>,</i> and the 323rd episode of the series overall. Written and directed by <a href=""/wiki/Trey_Parker"" title=""Trey Parker"">Trey Parker</a>, it premiered on March 8, 2023.<sup id=""cite_ref-1"" class=""reference""><a href=""#cite_note-1"">[1]</a></sup><sup id=""cite_ref-2"" class=""reference""><a href=""#cite_note-2"">[2]</a></sup> The episode, which parodies the use of the artificial intelligence chatbot <a href=""/wiki/ChatGPT"" title=""ChatGPT"">ChatGPT</a> (which is credited as a co-writer for the episode) for <a href=""/wiki/Text_messaging"" title=""Text messaging"">text messages</a>, centers upon fourth-grader <a href=""/wiki/Stan_Marsh"" title=""Stan Marsh"">Stan Marsh</a>, who comes to rely on the software for writing both school essays and romantic texts to his girlfriend <a href=""/wiki/Wendy_Testaburger"" title=""Wendy Testaburger"">Wendy Testaburger</a>, bringing him into conflict with her, his classmates, and school officials.
</p>","['Stan', 'Eric', 'Butters', 'Mr. Mackey', 'Wendy', 'Clyde', 'Bebe', 'Harrison', 'Pete']"
https://en.wikipedia.org/wiki/The_Damned_(South_Park),"<p>""<b>The Damned</b>"" is the third episode in the <a href=""/wiki/South_Park_season_20"" title=""South Park season 20"">twentieth season</a> of the American animated television series <i><a href=""/wiki/South_Park"" title=""South Park"">South Park</a></i>. The 270th episode of the series overall, it originally aired on <a href=""/wiki/Comedy_Central"" title=""Comedy Central"">Comedy Central</a> in the United States on September 28, 2016.
</p>","['Kyle', 'Eric', 'Randy', 'Gerald', 'Heidi', 'Sharon', 'Ike', 'Stephen', 'Linda', 'Sheila']"
https://en.wikipedia.org/wiki/You%27re_Not_Yelping,"<p>""<b>You're Not Yelping</b>"" is the fourth episode of the <a href=""/wiki/South_Park_season_19"" title=""South Park season 19"">nineteenth season</a> and the 261st overall episode of the animated television series <i><a href=""/wiki/South_Park"" title=""South Park"">South Park</a></i>, written and directed by series co-creator <a href=""/wiki/Trey_Parker"" title=""Trey Parker"">Trey Parker</a>. The episode premiered on <a href=""/wiki/Comedy_Central"" title=""Comedy Central"">Comedy Central</a> on October 14, 2015.  The episode primarily parodies the popularity of <a href=""/wiki/Yelp"" title=""Yelp"">Yelp</a> restaurant reviews.
</p>","['Kyle', 'Eric', 'Randy', 'Gerald', 'Craig', 'Tweek', 'PC Principal', 'Sharon', 'Mayor', 'Sheila']"
https://en.wikipedia.org/wiki/The_Return_of_Chef,"<p>""<b>The Return of Chef</b>"" is the first episode in the <a href=""/wiki/South_Park_season_10"" title=""South Park season 10"">tenth season</a> of the American animated television series <i><a href=""/wiki/South_Park"" title=""South Park"">South Park</a></i>. The 140th episode of the series overall, it first aired on <a href=""/wiki/Comedy_Central"" title=""Comedy Central"">Comedy Central</a> in the United States on March 22, 2006.<sup id=""cite_ref-blogcritics_2-0"" class=""reference""><a href=""#cite_note-blogcritics-2"">[2]</a></sup><sup id=""cite_ref-cbsnews_3-0"" class=""reference""><a href=""#cite_note-cbsnews-3"">[3]</a></sup> The episode was the first after the departure of actor <a href=""/wiki/Isaac_Hayes"" title=""Isaac Hayes"">Isaac Hayes</a>, who voiced the character <a href=""/wiki/Chef_(South_Park)"" title=""Chef (South Park)"">Chef</a>. Hayes, a <a href=""/wiki/Scientologist"" class=""mw-redirect"" title=""Scientologist"">Scientologist</a>, left after a falling-out with the creators over their treatment of Scientology in the <a href=""/wiki/South_Park_season_9"" title=""South Park season 9"">previous season</a>'s episode ""<a href=""/wiki/Trapped_in_the_Closet_(South_Park)"" title=""Trapped in the Closet (South Park)"">Trapped in the Closet</a>"".<sup id=""cite_ref-cbsnews_3-1"" class=""reference""><a href=""#cite_note-cbsnews-3"">[3]</a></sup> Scientology has been accused of using <a href=""/wiki/Brainwashing"" title=""Brainwashing"">brainwashing</a> techniques, and the episode portrays Chef as having been brainwashed.<sup id=""cite_ref-4"" class=""reference""><a href=""#cite_note-4"">[4]</a></sup><sup id=""cite_ref-5"" class=""reference""><a href=""#cite_note-5"">[5]</a></sup>
</p>","['Stan', 'Eric', 'Chef', 'Pete']"
https://en.wikipedia.org/wiki/Fort_Collins_(South_Park),"<p>""<b>Fort Collins</b>"" is the sixth episode in the <a href=""/wiki/South_Park_season_20"" title=""South Park season 20"">twentieth season</a> of the American animated television series <i><a href=""/wiki/South_Park"" title=""South Park"">South Park</a></i>. The 273rd episode of the series overall, it originally aired on <a href=""/wiki/Comedy_Central"" title=""Comedy Central"">Comedy Central</a> in the United States on October 26, 2016.
</p>","['Kyle', 'Eric', 'Randy', 'Gerald', 'Heidi', 'Sharon', 'Sheila']"
https://en.wikipedia.org/wiki/Broadway_Bro_Down,"<p>""<b>Broadway Bro Down</b>"" is the eleventh episode of the <a href=""/wiki/South_Park_season_15"" title=""South Park season 15"">fifteenth season</a> of the American animated television series <i><a href=""/wiki/South_Park"" title=""South Park"">South Park</a></i>, and the 220th episode overall. It first aired on <a href=""/wiki/Comedy_Central"" title=""Comedy Central"">Comedy Central</a> in the <a href=""/wiki/United_States"" title=""United States"">United States</a> on October 26, 2011. In this episode, Randy Marsh discovers that <a href=""/wiki/Broadway_theatre"" title=""Broadway theatre"">Broadway musicals</a> contain subtext that encourage women to give their partners <a href=""/wiki/Oral_sex"" title=""Oral sex"">oral sex</a>, while Shelly starts dating a young <a href=""/wiki/Vegan"" class=""mw-redirect"" title=""Vegan"">vegan</a> boy named Larry Feegan.
</p>","['Stan', 'Eric', 'Randy', 'Sharon', 'Stephen']"
https://en.wikipedia.org/wiki/Do_the_Handicapped_Go_to_Hell%3F,"<p>""<b>Do the Handicapped Go to Hell?</b>"" is the ninth episode of the <a href=""/wiki/South_Park_season_4"" title=""South Park season 4"">fourth season</a> of the animated television series <i><a href=""/wiki/South_Park"" title=""South Park"">South Park</a></i>, and 57th episode of the series overall.
Going by the production air order, it would be 10th episode of Season 4. ""Do the Handicapped Go to Hell?"" originally aired in the <a href=""/wiki/United_States"" title=""United States"">United States</a> on July 19, 2000, on <a href=""/wiki/Comedy_Central"" title=""Comedy Central"">Comedy Central</a>. It is the first part of a two-parter, which concludes in the following episode ""<a href=""/wiki/Probably_(South_Park)"" title=""Probably (South Park)"">Probably</a>."" The story links some of the events and characters of the film <i><a href=""/wiki/South_Park:_Bigger,_Longer_%26_Uncut"" title=""South Park: Bigger, Longer &amp; Uncut"">South Park: Bigger, Longer &amp; Uncut</a></i> into the animated series. The episode is rated <a href=""/wiki/TV-MA"" class=""mw-redirect"" title=""TV-MA"">TV-MA</a> in the United States.
</p>","['Stan', 'Kyle', 'Eric', 'Kenny', 'Timmy', 'Father Maxi', 'Pip', 'Chef', 'Satan']"
https://en.wikipedia.org/wiki/South_Park:_Post_COVID,"<p>""<b>South Park: Post COVID</b>"" is a 2021 American <a href=""/wiki/Adult_animation"" title=""Adult animation"">adult animated</a> <a href=""/wiki/Comedy_film"" title=""Comedy film"">comedy</a> <a href=""/wiki/Television_special"" title=""Television special"">television special</a> episode written and directed by <a href=""/wiki/Trey_Parker"" title=""Trey Parker"">Trey Parker</a>. It is the first in a series of <i><a href=""/wiki/South_Park"" title=""South Park"">South Park</a></i> television specials for the streaming service <a href=""/wiki/Paramount%2B"" title=""Paramount+"">Paramount+</a> and premiered on November 25, 2021.<sup id=""cite_ref-PostCOVID_1-0"" class=""reference""><a href=""#cite_note-PostCOVID-1"">[1]</a></sup><sup id=""cite_ref-reporter_2-0"" class=""reference""><a href=""#cite_note-reporter-2"">[2]</a></sup> It is also considered to be the 310th episode overall of the television series.
</p>","['Stan', 'Kyle', 'Eric', 'Kenny', 'Butters', 'Randy', 'Gerald', 'Liane', 'Mr. Mackey', 'Jimmy', 'Tolkien', 'Wendy', 'Clyde', 'Craig', 'Timmy', 'Tweek', 'Sharon', 'Mayor', 'Chef', 'Mr. Hankey', 'Sheila']"
https://en.wikipedia.org/wiki/South_Park:_Post_COVID:_The_Return_of_COVID,"<p>""<b>South Park: Post COVID: The Return of COVID</b>"" is a 2021 American <a href=""/wiki/Adult_animation"" title=""Adult animation"">adult animated</a> <a href=""/wiki/Comedy_film"" title=""Comedy film"">comedy</a> <a href=""/wiki/Television_special"" title=""Television special"">television special</a> episode written and directed by <a href=""/wiki/Trey_Parker"" title=""Trey Parker"">Trey Parker</a>. It is the second in a series of <i><a href=""/wiki/South_Park"" title=""South Park"">South Park</a></i> television specials for the streaming service <a href=""/wiki/Paramount%2B"" title=""Paramount+"">Paramount+</a> and premiered on December 16, 2021.<sup id=""cite_ref-press_release_1-0"" class=""reference""><a href=""#cite_note-press_release-1"">[1]</a></sup><sup id=""cite_ref-Hollywood_2-0"" class=""reference""><a href=""#cite_note-Hollywood-2"">[2]</a></sup> It is a sequel to and continues the storyline of the previous special, ""<a href=""/wiki/South_Park:_Post_COVID"" title=""South Park: Post COVID"">South Park: Post COVID</a>"".<sup id=""cite_ref-TVLine_3-0"" class=""reference""><a href=""#cite_note-TVLine-3"">[3]</a></sup> It is also the 311th episode of the series.
</p>","['Stan', 'Kyle', 'Eric', 'Kenny', 'Butters', 'Randy', 'Gerald', 'Liane', 'Mr. Mackey', 'Jimmy', 'Tolkien', 'Wendy', 'Clyde', 'Craig', 'Timmy', 'Tweek', 'Sharon', 'Shelley', 'Mayor', 'Chef', 'Mr. Hankey', 'Sheila']"
